"","Types of Crops","musym.x","mukey","cokey","muname","taxorder","compname","slope.r","slopegradwta","slope.l","slope.h","localphase","erokind","erocl","tfact","Kfact","wei","niccdcd","hydgrp","soilslippot","drainagecl","drclassdcd","awc","aws025wta","aws0150wta","flodfreqcl","floddurcl","pondfreqcl","ponddurcl","flodfreqdcd","flodfreqmax","pondfreqprs","iacornsr","ph","ph_l","ph_h","cec7","gypsum","ksat","ec","sar","caco3","om","ptotal","soilTextdes","Soil Types","Rooting Depth","pH-Level","Temperature Tolerances","ph_L","ph_H","Boron","Copper","Zinc","Molybdenum","Iron","Manganese","Example","Year","Month","Flags","FlagDesc"
"1","Asparagus","120B",409406,22073718,"Tama silty clay loam, 2 to 5 percent slopes","Mollisols","Tama",4,4,2,5,"","Rill erosion","Class 1",5,0.391666666666667,48,2,"C",NA,"Well drained","Well drained",0.2,5.28,28.94,"None","","None","","None","None",0,95,6.01666666666667,5.1,6.9,24.25,0,3,0.1,0,0,2.16666666666667,NA,"Silty clay loam","Sandy loam","Deep (>36 inches)","6.0-7.0","Cool-season (Hardy)","6.0","7.0","Low","Low","Medium","Low","-","High",NA,NA,NA,2,"Soil Texture does not match,This soil is more susceptible to erosion"
"2","Asparagus","11B",409404,22074291,"Colo-Ely complex, 0 to 5 percent slopes","Mollisols","Colo",1,2.4,0,2,"","Rill erosion","None - deposition",5,0.3,48,2,"C/D",NA,"Poorly drained","Poorly drained",0.1625,4.2,26.11,"None","","None","","None","None",0,86,6.5,5.6,7.3,26.35,0,3,0.2,0,0,3.875,NA,"Silty clay loam","Sandy loam","Deep (>36 inches)","6.0-7.0","Cool-season (Hardy)","6.0","7.0","Low","Low","Medium","Low","-","High",NA,NA,NA,2,"Soil Texture does not match,This soil's drainage may be limited"
"3","Asparagus","120C2",409408,22074067,"Tama silty clay loam, 5 to 9 percent slopes, eroded","Inceptisols","Tama",7,7,5,9,"eroded","Rill erosion","Class 2",5,0.42,48,3,"C",NA,"Well drained","Well drained",0.192,5.06,28.21,"None","","None","","None","None",0,87,6.06,5.1,6.82,24.42,0,3,0.1,0,0,1.36,NA,"Silty clay loam","Sandy loam","Deep (>36 inches)","6.0-7.0","Cool-season (Hardy)","6.0","7.0","Low","Low","Medium","Low","-","High",NA,NA,NA,4,"Soil Texture does not match,This soil is more susceptible to erosion,This soil's organic matter percent could be an issue,This soil's topsoil may have been depleated"
"4","Asparagus","119",409403,22073927,"Muscatine silty clay loam, 0 to 2 percent slopes","Mollisols","Muscatine",1,1,0,2,"","Sheet erosion","Class 1",5,0.3625,48,1,"C/D",NA,"Somewhat poorly drained","Somewhat poorly drained",0.2125,5.74,28.97,"None","","None","","None","None",0,100,5.7,5.1,7.3,26.025,0,3,0.1,0,0,3.375,NA,"Silty clay loam","Sandy loam","Deep (>36 inches)","6.0-7.0","Cool-season (Hardy)","6.0","7.0","Low","Low","Medium","Low","-","High",NA,NA,NA,2,"pH does not fit into range,Soil Texture does not match"
"5","Asparagus","11B",409404,22074290,"Colo-Ely complex, 0 to 5 percent slopes","Mollisols","Ely",4,2.4,2,5,"","Rill erosion","Class 1",5,0.36,48,2,"C/D",NA,"Somewhat poorly drained","Poorly drained",0.1725,4.2,26.11,"None","","None","","None","None",0,86,6.55,5.6,7.3,24.3,0,3,0.2,0,0,3.5,NA,"Silty clay loam","Sandy loam","Deep (>36 inches)","6.0-7.0","Cool-season (Hardy)","6.0","7.0","Low","Low","Medium","Low","-","High",NA,NA,NA,2,"Soil Texture does not match,This soil's drainage may be limited"
"6","Asparagus","120D2",409409,22074096,"Tama silty clay loam, 9 to 14 percent slopes, eroded","Inceptisols","Tama",12,11.6,9,14,"eroded","Rill erosion","Class 2",5,0.42,48,3,"C",NA,"Well drained","Well drained",0.192,5.02,27.99,"None","","None","","None","None",0,62,6.06,5.1,6.82,24.42,0,3,0.1,0,0,1.36,NA,"Silty clay loam","Sandy loam","Deep (>36 inches)","6.0-7.0","Cool-season (Hardy)","6.0","7.0","Low","Low","Medium","Low","-","High",NA,NA,NA,4,"Soil Texture does not match,This soil is more susceptible to erosion,This soil's organic matter percent could be an issue,This soil's topsoil may have been depleated"
"7","Cabbage","120C2",409408,22074067,"Tama silty clay loam, 5 to 9 percent slopes, eroded","Inceptisols","Tama",7,7,5,9,"eroded","Rill erosion","Class 2",5,0.393333333333333,48,3,"C",NA,"Well drained","Well drained",0.196666666666667,5.06,28.21,"None","","None","","None","None",0,87,6.1,5.1,6.76666666666667,25.3666666666667,0,3,0.1,0,0,1.83333333333333,NA,"Silty clay loam","Loam","Moderate (18-24 inches)","6.0-7.0","Cool-season (Hardy)","6.0","7.0",NA,NA,NA,NA,NA,NA,NA,NA,NA,4,"Soil Texture does not match,This soil is more susceptible to erosion,This soil's organic matter percent could be an issue,This soil's topsoil may have been depleated"
"8","Cabbage","120B",409406,22073718,"Tama silty clay loam, 2 to 5 percent slopes","Mollisols","Tama",4,4,2,5,"","Rill erosion","Class 1",5,0.3725,48,2,"C",NA,"Well drained","Well drained",0.205,5.28,28.94,"None","","None","","None","None",0,95,6.075,5.1,7.1,23.7,0,3,0.1,0,0,2.75,NA,"Silty clay loam","Loam","Moderate (18-24 inches)","6.0-7.0","Cool-season (Hardy)","6.0","7.0",NA,NA,NA,NA,NA,NA,NA,NA,NA,1,"Soil Texture does not match"
"9","Cabbage","11B",409404,22074290,"Colo-Ely complex, 0 to 5 percent slopes","Mollisols","Ely",4,2.4,2,5,"","Rill erosion","Class 1",5,0.32,48,2,"C/D",NA,"Somewhat poorly drained","Poorly drained",0.17,4.2,26.11,"None","","None","","None","None",0,86,6.5,5.6,7.3,23.75,0,3,0.2,0,0,4.25,NA,"Silty clay loam","Loam","Moderate (18-24 inches)","6.0-7.0","Cool-season (Hardy)","6.0","7.0",NA,NA,NA,NA,NA,NA,NA,NA,NA,2,"Soil Texture does not match,This soil's drainage may be limited"
"10","Cabbage","119",409403,22073927,"Muscatine silty clay loam, 0 to 2 percent slopes","Mollisols","Muscatine",1,1,0,2,"","Sheet erosion","Class 1",5,0.34,48,1,"C/D",NA,"Somewhat poorly drained","Somewhat poorly drained",0.223333333333333,5.74,28.97,"None","","None","","None","None",0,100,5.6,5.1,7.3,26,0,3,0.1,0,0,4.16666666666667,NA,"Silty clay loam","Loam","Moderate (18-24 inches)","6.0-7.0","Cool-season (Hardy)","6.0","7.0",NA,NA,NA,NA,NA,NA,NA,NA,NA,2,"pH does not fit into range,Soil Texture does not match"
"11","Cabbage","11B",409404,22074291,"Colo-Ely complex, 0 to 5 percent slopes","Mollisols","Colo",1,2.4,0,2,"","Rill erosion","None - deposition",5,0.293333333333333,48,2,"C/D",NA,"Poorly drained","Poorly drained",0.163333333333333,4.2,26.11,"None","","None","","None","None",0,86,6.5,5.6,7.3,26,0,3,0.2,0,0,4,NA,"Silty clay loam","Loam","Moderate (18-24 inches)","6.0-7.0","Cool-season (Hardy)","6.0","7.0",NA,NA,NA,NA,NA,NA,NA,NA,NA,2,"Soil Texture does not match,This soil's drainage may be limited"
"12","Cabbage","120D2",409409,22074096,"Tama silty clay loam, 9 to 14 percent slopes, eroded","Inceptisols","Tama",12,11.6,9,14,"eroded","Rill erosion","Class 2",5,0.393333333333333,48,3,"C",NA,"Well drained","Well drained",0.196666666666667,5.02,27.99,"None","","None","","None","None",0,62,6.1,5.1,6.76666666666667,25.3666666666667,0,3,0.1,0,0,1.83333333333333,NA,"Silty clay loam","Loam","Moderate (18-24 inches)","6.0-7.0","Cool-season (Hardy)","6.0","7.0",NA,NA,NA,NA,NA,NA,NA,NA,NA,4,"Soil Texture does not match,This soil is more susceptible to erosion,This soil's organic matter percent could be an issue,This soil's topsoil may have been depleated"
"13","Cantaloupe","11B",409404,22074291,"Colo-Ely complex, 0 to 5 percent slopes","Mollisols","Colo",1,2.4,0,2,"","Rill erosion","None - deposition",5,0.293333333333333,48,2,"C/D",NA,"Poorly drained","Poorly drained",0.163333333333333,4.2,26.11,"None","","None","","None","None",0,86,6.5,5.6,7.3,26,0,3,0.2,0,0,4,NA,"Silty clay loam","Loam","Moderate (18-24 inches)","6.0-6.5","Warm-season (Very Tender)","6.0","6.5",NA,NA,NA,NA,NA,NA,5,1,"May-September",2,"Soil Texture does not match,This soil's drainage may be limited"
"14","Cantaloupe","120B",409406,22073718,"Tama silty clay loam, 2 to 5 percent slopes","Mollisols","Tama",4,4,2,5,"","Rill erosion","Class 1",5,0.3725,48,2,"C",NA,"Well drained","Well drained",0.205,5.28,28.94,"None","","None","","None","None",0,95,6.075,5.1,7.1,23.7,0,3,0.1,0,0,2.75,NA,"Silty clay loam","Loam","Moderate (18-24 inches)","6.0-6.5","Warm-season (Very Tender)","6.0","6.5",NA,NA,NA,NA,NA,NA,5,1,"May-September",1,"Soil Texture does not match"
"15","Cantaloupe","11B",409404,22074290,"Colo-Ely complex, 0 to 5 percent slopes","Mollisols","Ely",4,2.4,2,5,"","Rill erosion","Class 1",5,0.32,48,2,"C/D",NA,"Somewhat poorly drained","Poorly drained",0.17,4.2,26.11,"None","","None","","None","None",0,86,6.5,5.6,7.3,23.75,0,3,0.2,0,0,4.25,NA,"Silty clay loam","Loam","Moderate (18-24 inches)","6.0-6.5","Warm-season (Very Tender)","6.0","6.5",NA,NA,NA,NA,NA,NA,5,1,"May-September",2,"Soil Texture does not match,This soil's drainage may be limited"
"16","Cantaloupe","120C2",409408,22074067,"Tama silty clay loam, 5 to 9 percent slopes, eroded","Inceptisols","Tama",7,7,5,9,"eroded","Rill erosion","Class 2",5,0.393333333333333,48,3,"C",NA,"Well drained","Well drained",0.196666666666667,5.06,28.21,"None","","None","","None","None",0,87,6.1,5.1,6.76666666666667,25.3666666666667,0,3,0.1,0,0,1.83333333333333,NA,"Silty clay loam","Loam","Moderate (18-24 inches)","6.0-6.5","Warm-season (Very Tender)","6.0","6.5",NA,NA,NA,NA,NA,NA,5,1,"May-September",4,"Soil Texture does not match,This soil is more susceptible to erosion,This soil's organic matter percent could be an issue,This soil's topsoil may have been depleated"
"17","Cantaloupe","120D2",409409,22074096,"Tama silty clay loam, 9 to 14 percent slopes, eroded","Inceptisols","Tama",12,11.6,9,14,"eroded","Rill erosion","Class 2",5,0.393333333333333,48,3,"C",NA,"Well drained","Well drained",0.196666666666667,5.02,27.99,"None","","None","","None","None",0,62,6.1,5.1,6.76666666666667,25.3666666666667,0,3,0.1,0,0,1.83333333333333,NA,"Silty clay loam","Loam","Moderate (18-24 inches)","6.0-6.5","Warm-season (Very Tender)","6.0","6.5",NA,NA,NA,NA,NA,NA,5,1,"May-September",4,"Soil Texture does not match,This soil is more susceptible to erosion,This soil's organic matter percent could be an issue,This soil's topsoil may have been depleated"
"18","Cantaloupe","119",409403,22073927,"Muscatine silty clay loam, 0 to 2 percent slopes","Mollisols","Muscatine",1,1,0,2,"","Sheet erosion","Class 1",5,0.34,48,1,"C/D",NA,"Somewhat poorly drained","Somewhat poorly drained",0.223333333333333,5.74,28.97,"None","","None","","None","None",0,100,5.6,5.1,7.3,26,0,3,0.1,0,0,4.16666666666667,NA,"Silty clay loam","Loam","Moderate (18-24 inches)","6.0-6.5","Warm-season (Very Tender)","6.0","6.5",NA,NA,NA,NA,NA,NA,5,1,"May-September",2,"pH does not fit into range,Soil Texture does not match"
"19","Carrot","11B",409404,22074291,"Colo-Ely complex, 0 to 5 percent slopes","Mollisols","Colo",1,2.4,0,2,"","Rill erosion","None - deposition",5,0.28,48,2,"C/D",NA,"Poorly drained","Poorly drained",0.16,4.2,26.11,"None","","None","","None","None",0,86,6.5,5.6,7.3,25.5,0,3,0.2,0,0,5,NA,"Silty clay loam","Sandy clay","Shallow (6-12 inches)","5.5-7.0","Cool-season (Semi-Hardy)","5.5","7.0","Medium","Medium","High","Low","Medium","High",2,3,"April-August",2,"Soil Texture does not match,This soil's drainage may be limited"
"20","Carrot","11B",409404,22074290,"Colo-Ely complex, 0 to 5 percent slopes","Mollisols","Ely",4,2.4,2,5,"","Rill erosion","Class 1",5,0.32,48,2,"C/D",NA,"Somewhat poorly drained","Poorly drained",0.17,4.2,26.11,"None","","None","","None","None",0,86,6.5,5.6,7.3,23.9,0,3,0.2,0,0,5,NA,"Silty clay loam","Sandy clay","Shallow (6-12 inches)","5.5-7.0","Cool-season (Semi-Hardy)","5.5","7.0","Medium","Medium","High","Low","Medium","High",2,3,"April-August",2,"Soil Texture does not match,This soil's drainage may be limited"
"21","Carrot","120D2",409409,22074096,"Tama silty clay loam, 9 to 14 percent slopes, eroded","Inceptisols","Tama",12,11.6,9,14,"eroded","Rill erosion","Class 2",5,0.375,48,3,"C",NA,"Well drained","Well drained",0.2,5.02,27.99,"None","","None","","None","None",0,62,6.2,5.1,6.9,25,0,3,0.1,0,0,2.25,NA,"Silty clay loam","Sandy clay","Shallow (6-12 inches)","5.5-7.0","Cool-season (Semi-Hardy)","5.5","7.0","Medium","Medium","High","Low","Medium","High",2,3,"April-August",2,"Soil Texture does not match,This soil's topsoil may have been depleated"
"22","Carrot","120B",409406,22073718,"Tama silty clay loam, 2 to 5 percent slopes","Mollisols","Tama",4,4,2,5,"","Rill erosion","Class 1",5,0.345,48,2,"C",NA,"Well drained","Well drained",0.21,5.28,28.94,"None","","None","","None","None",0,95,6.25,5.1,7.3,23.15,0,3,0.1,0,0,3.25,NA,"Silty clay loam","Sandy clay","Shallow (6-12 inches)","5.5-7.0","Cool-season (Semi-Hardy)","5.5","7.0","Medium","Medium","High","Low","Medium","High",2,3,"April-August",1,"Soil Texture does not match"
"23","Carrot","119",409403,22073927,"Muscatine silty clay loam, 0 to 2 percent slopes","Mollisols","Muscatine",1,1,0,2,"","Sheet erosion","Class 1",5,0.37,48,1,"C/D",NA,"Somewhat poorly drained","Somewhat poorly drained",0.23,5.74,28.97,"None","","None","","None","None",0,100,5.6,5.1,7.3,25.5,0,3,0.1,0,0,5,NA,"Silty clay loam","Sandy clay","Shallow (6-12 inches)","5.5-7.0","Cool-season (Semi-Hardy)","5.5","7.0","Medium","Medium","High","Low","Medium","High",2,3,"April-August",1,"Soil Texture does not match"
"24","Carrot","120C2",409408,22074067,"Tama silty clay loam, 5 to 9 percent slopes, eroded","Inceptisols","Tama",7,7,5,9,"eroded","Rill erosion","Class 2",5,0.375,48,3,"C",NA,"Well drained","Well drained",0.2,5.06,28.21,"None","","None","","None","None",0,87,6.2,5.1,6.9,25,0,3,0.1,0,0,2.25,NA,"Silty clay loam","Sandy clay","Shallow (6-12 inches)","5.5-7.0","Cool-season (Semi-Hardy)","5.5","7.0","Medium","Medium","High","Low","Medium","High",2,3,"April-August",2,"Soil Texture does not match,This soil's topsoil may have been depleated"
"25","Cauliflower","11B",409404,22074290,"Colo-Ely complex, 0 to 5 percent slopes","Mollisols","Ely",4,2.4,2,5,"","Rill erosion","Class 1",5,0.32,48,2,"C/D",NA,"Somewhat poorly drained","Poorly drained",0.17,4.2,26.11,"None","","None","","None","None",0,86,6.5,5.6,7.3,23.9,0,3,0.2,0,0,5,NA,"Silty clay loam","Moist, well drained","Shallow (6-12 inches)","5.5-7.5","Cool-season (Semi-Hardy)","5.5","7.5",NA,NA,NA,NA,NA,NA,3,1,"August-November",2,"Soil Texture does not match,This soil's drainage may be limited"
"26","Cauliflower","11B",409404,22074290,"Colo-Ely complex, 0 to 5 percent slopes","Mollisols","Ely",4,2.4,2,5,"","Rill erosion","Class 1",5,0.32,48,2,"C/D",NA,"Somewhat poorly drained","Poorly drained",0.17,4.2,26.11,"None","","None","","None","None",0,86,6.5,5.6,7.3,23.9,0,3,0.2,0,0,5,NA,"Silty clay loam","Moist, well drained","Shallow (6-12 inches)","5.5-7.5","Cool-season (Semi-Hardy)","5.5","7.5",NA,NA,NA,NA,NA,NA,5,3,"April-July",2,"Soil Texture does not match,This soil's drainage may be limited"
"27","Cauliflower","120B",409406,22073718,"Tama silty clay loam, 2 to 5 percent slopes","Mollisols","Tama",4,4,2,5,"","Rill erosion","Class 1",5,0.345,48,2,"C",NA,"Well drained","Well drained",0.21,5.28,28.94,"None","","None","","None","None",0,95,6.25,5.1,7.3,23.15,0,3,0.1,0,0,3.25,NA,"Silty clay loam","Moist, well drained","Shallow (6-12 inches)","5.5-7.5","Cool-season (Semi-Hardy)","5.5","7.5",NA,NA,NA,NA,NA,NA,3,1,"August-November",1,"Soil Texture does not match"
"28","Cauliflower","120B",409406,22073718,"Tama silty clay loam, 2 to 5 percent slopes","Mollisols","Tama",4,4,2,5,"","Rill erosion","Class 1",5,0.345,48,2,"C",NA,"Well drained","Well drained",0.21,5.28,28.94,"None","","None","","None","None",0,95,6.25,5.1,7.3,23.15,0,3,0.1,0,0,3.25,NA,"Silty clay loam","Moist, well drained","Shallow (6-12 inches)","5.5-7.5","Cool-season (Semi-Hardy)","5.5","7.5",NA,NA,NA,NA,NA,NA,5,3,"April-July",1,"Soil Texture does not match"
"29","Cauliflower","120C2",409408,22074067,"Tama silty clay loam, 5 to 9 percent slopes, eroded","Inceptisols","Tama",7,7,5,9,"eroded","Rill erosion","Class 2",5,0.375,48,3,"C",NA,"Well drained","Well drained",0.2,5.06,28.21,"None","","None","","None","None",0,87,6.2,5.1,6.9,25,0,3,0.1,0,0,2.25,NA,"Silty clay loam","Moist, well drained","Shallow (6-12 inches)","5.5-7.5","Cool-season (Semi-Hardy)","5.5","7.5",NA,NA,NA,NA,NA,NA,3,1,"August-November",2,"Soil Texture does not match,This soil's topsoil may have been depleated"
"30","Cauliflower","120C2",409408,22074067,"Tama silty clay loam, 5 to 9 percent slopes, eroded","Inceptisols","Tama",7,7,5,9,"eroded","Rill erosion","Class 2",5,0.375,48,3,"C",NA,"Well drained","Well drained",0.2,5.06,28.21,"None","","None","","None","None",0,87,6.2,5.1,6.9,25,0,3,0.1,0,0,2.25,NA,"Silty clay loam","Moist, well drained","Shallow (6-12 inches)","5.5-7.5","Cool-season (Semi-Hardy)","5.5","7.5",NA,NA,NA,NA,NA,NA,5,3,"April-July",2,"Soil Texture does not match,This soil's topsoil may have been depleated"
"31","Cauliflower","119",409403,22073927,"Muscatine silty clay loam, 0 to 2 percent slopes","Mollisols","Muscatine",1,1,0,2,"","Sheet erosion","Class 1",5,0.37,48,1,"C/D",NA,"Somewhat poorly drained","Somewhat poorly drained",0.23,5.74,28.97,"None","","None","","None","None",0,100,5.6,5.1,7.3,25.5,0,3,0.1,0,0,5,NA,"Silty clay loam","Moist, well drained","Shallow (6-12 inches)","5.5-7.5","Cool-season (Semi-Hardy)","5.5","7.5",NA,NA,NA,NA,NA,NA,3,1,"August-November",1,"Soil Texture does not match"
"32","Cauliflower","119",409403,22073927,"Muscatine silty clay loam, 0 to 2 percent slopes","Mollisols","Muscatine",1,1,0,2,"","Sheet erosion","Class 1",5,0.37,48,1,"C/D",NA,"Somewhat poorly drained","Somewhat poorly drained",0.23,5.74,28.97,"None","","None","","None","None",0,100,5.6,5.1,7.3,25.5,0,3,0.1,0,0,5,NA,"Silty clay loam","Moist, well drained","Shallow (6-12 inches)","5.5-7.5","Cool-season (Semi-Hardy)","5.5","7.5",NA,NA,NA,NA,NA,NA,5,3,"April-July",1,"Soil Texture does not match"
"33","Cauliflower","120D2",409409,22074096,"Tama silty clay loam, 9 to 14 percent slopes, eroded","Inceptisols","Tama",12,11.6,9,14,"eroded","Rill erosion","Class 2",5,0.375,48,3,"C",NA,"Well drained","Well drained",0.2,5.02,27.99,"None","","None","","None","None",0,62,6.2,5.1,6.9,25,0,3,0.1,0,0,2.25,NA,"Silty clay loam","Moist, well drained","Shallow (6-12 inches)","5.5-7.5","Cool-season (Semi-Hardy)","5.5","7.5",NA,NA,NA,NA,NA,NA,3,1,"August-November",2,"Soil Texture does not match,This soil's topsoil may have been depleated"
"34","Cauliflower","120D2",409409,22074096,"Tama silty clay loam, 9 to 14 percent slopes, eroded","Inceptisols","Tama",12,11.6,9,14,"eroded","Rill erosion","Class 2",5,0.375,48,3,"C",NA,"Well drained","Well drained",0.2,5.02,27.99,"None","","None","","None","None",0,62,6.2,5.1,6.9,25,0,3,0.1,0,0,2.25,NA,"Silty clay loam","Moist, well drained","Shallow (6-12 inches)","5.5-7.5","Cool-season (Semi-Hardy)","5.5","7.5",NA,NA,NA,NA,NA,NA,5,3,"April-July",2,"Soil Texture does not match,This soil's topsoil may have been depleated"
"35","Cauliflower","11B",409404,22074291,"Colo-Ely complex, 0 to 5 percent slopes","Mollisols","Colo",1,2.4,0,2,"","Rill erosion","None - deposition",5,0.28,48,2,"C/D",NA,"Poorly drained","Poorly drained",0.16,4.2,26.11,"None","","None","","None","None",0,86,6.5,5.6,7.3,25.5,0,3,0.2,0,0,5,NA,"Silty clay loam","Moist, well drained","Shallow (6-12 inches)","5.5-7.5","Cool-season (Semi-Hardy)","5.5","7.5",NA,NA,NA,NA,NA,NA,3,1,"August-November",2,"Soil Texture does not match,This soil's drainage may be limited"
"36","Cauliflower","11B",409404,22074291,"Colo-Ely complex, 0 to 5 percent slopes","Mollisols","Colo",1,2.4,0,2,"","Rill erosion","None - deposition",5,0.28,48,2,"C/D",NA,"Poorly drained","Poorly drained",0.16,4.2,26.11,"None","","None","","None","None",0,86,6.5,5.6,7.3,25.5,0,3,0.2,0,0,5,NA,"Silty clay loam","Moist, well drained","Shallow (6-12 inches)","5.5-7.5","Cool-season (Semi-Hardy)","5.5","7.5",NA,NA,NA,NA,NA,NA,5,3,"April-July",2,"Soil Texture does not match,This soil's drainage may be limited"
"37","Cucumber","119",409403,22073927,"Muscatine silty clay loam, 0 to 2 percent slopes","Mollisols","Muscatine",1,1,0,2,"","Sheet erosion","Class 1",5,0.34,48,1,"C/D",NA,"Somewhat poorly drained","Somewhat poorly drained",0.223333333333333,5.74,28.97,"None","","None","","None","None",0,100,5.6,5.1,7.3,26,0,3,0.1,0,0,4.16666666666667,NA,"Silty clay loam","Sandy loam","Moderate (18-24 inches)","5.5-7.0","Warm-season (Very Tender)","5.5","7.0","High","Medium","-","High","High","Medium",1,4,"June-September",1,"Soil Texture does not match"
"38","Cucumber","11B",409404,22074290,"Colo-Ely complex, 0 to 5 percent slopes","Mollisols","Ely",4,2.4,2,5,"","Rill erosion","Class 1",5,0.32,48,2,"C/D",NA,"Somewhat poorly drained","Poorly drained",0.17,4.2,26.11,"None","","None","","None","None",0,86,6.5,5.6,7.3,23.75,0,3,0.2,0,0,4.25,NA,"Silty clay loam","Sandy loam","Moderate (18-24 inches)","5.5-7.0","Warm-season (Very Tender)","5.5","7.0","High","Medium","-","High","High","Medium",1,4,"June-September",2,"Soil Texture does not match,This soil's drainage may be limited"
"39","Cucumber","120D2",409409,22074096,"Tama silty clay loam, 9 to 14 percent slopes, eroded","Inceptisols","Tama",12,11.6,9,14,"eroded","Rill erosion","Class 2",5,0.393333333333333,48,3,"C",NA,"Well drained","Well drained",0.196666666666667,5.02,27.99,"None","","None","","None","None",0,62,6.1,5.1,6.76666666666667,25.3666666666667,0,3,0.1,0,0,1.83333333333333,NA,"Silty clay loam","Sandy loam","Moderate (18-24 inches)","5.5-7.0","Warm-season (Very Tender)","5.5","7.0","High","Medium","-","High","High","Medium",1,4,"June-September",4,"Soil Texture does not match,This soil is more susceptible to erosion,This soil's organic matter percent could be an issue,This soil's topsoil may have been depleated"
"40","Cucumber","120B",409406,22073718,"Tama silty clay loam, 2 to 5 percent slopes","Mollisols","Tama",4,4,2,5,"","Rill erosion","Class 1",5,0.3725,48,2,"C",NA,"Well drained","Well drained",0.205,5.28,28.94,"None","","None","","None","None",0,95,6.075,5.1,7.1,23.7,0,3,0.1,0,0,2.75,NA,"Silty clay loam","Sandy loam","Moderate (18-24 inches)","5.5-7.0","Warm-season (Very Tender)","5.5","7.0","High","Medium","-","High","High","Medium",1,4,"June-September",1,"Soil Texture does not match"
"41","Cucumber","11B",409404,22074291,"Colo-Ely complex, 0 to 5 percent slopes","Mollisols","Colo",1,2.4,0,2,"","Rill erosion","None - deposition",5,0.293333333333333,48,2,"C/D",NA,"Poorly drained","Poorly drained",0.163333333333333,4.2,26.11,"None","","None","","None","None",0,86,6.5,5.6,7.3,26,0,3,0.2,0,0,4,NA,"Silty clay loam","Sandy loam","Moderate (18-24 inches)","5.5-7.0","Warm-season (Very Tender)","5.5","7.0","High","Medium","-","High","High","Medium",1,4,"June-September",2,"Soil Texture does not match,This soil's drainage may be limited"
"42","Cucumber","120C2",409408,22074067,"Tama silty clay loam, 5 to 9 percent slopes, eroded","Inceptisols","Tama",7,7,5,9,"eroded","Rill erosion","Class 2",5,0.393333333333333,48,3,"C",NA,"Well drained","Well drained",0.196666666666667,5.06,28.21,"None","","None","","None","None",0,87,6.1,5.1,6.76666666666667,25.3666666666667,0,3,0.1,0,0,1.83333333333333,NA,"Silty clay loam","Sandy loam","Moderate (18-24 inches)","5.5-7.0","Warm-season (Very Tender)","5.5","7.0","High","Medium","-","High","High","Medium",1,4,"June-September",4,"Soil Texture does not match,This soil is more susceptible to erosion,This soil's organic matter percent could be an issue,This soil's topsoil may have been depleated"
"43","Eggplant","120D2",409409,22074096,"Tama silty clay loam, 9 to 14 percent slopes, eroded","Inceptisols","Tama",12,11.6,9,14,"eroded","Rill erosion","Class 2",5,0.393333333333333,48,3,"C",NA,"Well drained","Well drained",0.196666666666667,5.02,27.99,"None","","None","","None","None",0,62,6.1,5.1,6.76666666666667,25.3666666666667,0,3,0.1,0,0,1.83333333333333,NA,"Silty clay loam","Sandy loam","Moderate(18-24 inches)","5.5-7.0","Warm-season (Very Tender)","5.5","7.0","Medium","Medium","Medium","Medium","-","High",3,2,"June-October",4,"Soil Texture does not match,This soil is more susceptible to erosion,This soil's organic matter percent could be an issue,This soil's topsoil may have been depleated"
"44","Eggplant","120B",409406,22073718,"Tama silty clay loam, 2 to 5 percent slopes","Mollisols","Tama",4,4,2,5,"","Rill erosion","Class 1",5,0.3725,48,2,"C",NA,"Well drained","Well drained",0.205,5.28,28.94,"None","","None","","None","None",0,95,6.075,5.1,7.1,23.7,0,3,0.1,0,0,2.75,NA,"Silty clay loam","Sandy loam","Moderate(18-24 inches)","5.5-7.0","Warm-season (Very Tender)","5.5","7.0","Medium","Medium","Medium","Medium","-","High",3,2,"June-October",1,"Soil Texture does not match"
"45","Eggplant","119",409403,22073927,"Muscatine silty clay loam, 0 to 2 percent slopes","Mollisols","Muscatine",1,1,0,2,"","Sheet erosion","Class 1",5,0.34,48,1,"C/D",NA,"Somewhat poorly drained","Somewhat poorly drained",0.223333333333333,5.74,28.97,"None","","None","","None","None",0,100,5.6,5.1,7.3,26,0,3,0.1,0,0,4.16666666666667,NA,"Silty clay loam","Sandy loam","Moderate(18-24 inches)","5.5-7.0","Warm-season (Very Tender)","5.5","7.0","Medium","Medium","Medium","Medium","-","High",3,2,"June-October",1,"Soil Texture does not match"
"46","Eggplant","11B",409404,22074290,"Colo-Ely complex, 0 to 5 percent slopes","Mollisols","Ely",4,2.4,2,5,"","Rill erosion","Class 1",5,0.32,48,2,"C/D",NA,"Somewhat poorly drained","Poorly drained",0.17,4.2,26.11,"None","","None","","None","None",0,86,6.5,5.6,7.3,23.75,0,3,0.2,0,0,4.25,NA,"Silty clay loam","Sandy loam","Moderate(18-24 inches)","5.5-7.0","Warm-season (Very Tender)","5.5","7.0","Medium","Medium","Medium","Medium","-","High",3,2,"June-October",2,"Soil Texture does not match,This soil's drainage may be limited"
"47","Eggplant","120C2",409408,22074067,"Tama silty clay loam, 5 to 9 percent slopes, eroded","Inceptisols","Tama",7,7,5,9,"eroded","Rill erosion","Class 2",5,0.393333333333333,48,3,"C",NA,"Well drained","Well drained",0.196666666666667,5.06,28.21,"None","","None","","None","None",0,87,6.1,5.1,6.76666666666667,25.3666666666667,0,3,0.1,0,0,1.83333333333333,NA,"Silty clay loam","Sandy loam","Moderate(18-24 inches)","5.5-7.0","Warm-season (Very Tender)","5.5","7.0","Medium","Medium","Medium","Medium","-","High",3,2,"June-October",4,"Soil Texture does not match,This soil is more susceptible to erosion,This soil's organic matter percent could be an issue,This soil's topsoil may have been depleated"
"48","Eggplant","11B",409404,22074291,"Colo-Ely complex, 0 to 5 percent slopes","Mollisols","Colo",1,2.4,0,2,"","Rill erosion","None - deposition",5,0.293333333333333,48,2,"C/D",NA,"Poorly drained","Poorly drained",0.163333333333333,4.2,26.11,"None","","None","","None","None",0,86,6.5,5.6,7.3,26,0,3,0.2,0,0,4,NA,"Silty clay loam","Sandy loam","Moderate(18-24 inches)","5.5-7.0","Warm-season (Very Tender)","5.5","7.0","Medium","Medium","Medium","Medium","-","High",3,2,"June-October",2,"Soil Texture does not match,This soil's drainage may be limited"
"49","Lettuce","120C2",409408,22074067,"Tama silty clay loam, 5 to 9 percent slopes, eroded","Inceptisols","Tama",7,7,5,9,"eroded","Rill erosion","Class 2",5,0.375,48,3,"C",NA,"Well drained","Well drained",0.2,5.06,28.21,"None","","None","","None","None",0,87,6.2,5.1,6.9,25,0,3,0.1,0,0,2.25,NA,"Silty clay loam","Sandy","Shallow (6-12 inches)","6.0-7.0","Cool-season (Semi-Hardy)","6.0","7.0",NA,NA,NA,NA,NA,NA,5,3,"August-November",2,"Soil Texture does not match,This soil's topsoil may have been depleated"
"50","Lettuce","120C2",409408,22074067,"Tama silty clay loam, 5 to 9 percent slopes, eroded","Inceptisols","Tama",7,7,5,9,"eroded","Rill erosion","Class 2",5,0.375,48,3,"C",NA,"Well drained","Well drained",0.2,5.06,28.21,"None","","None","","None","None",0,87,6.2,5.1,6.9,25,0,3,0.1,0,0,2.25,NA,"Silty clay loam","Sandy","Shallow (6-12 inches)","6.0-7.0","Cool-season (Semi-Hardy)","6.0","7.0",NA,NA,NA,NA,NA,NA,3,1,"April-June",2,"Soil Texture does not match,This soil's topsoil may have been depleated"
"51","Lettuce","120D2",409409,22074096,"Tama silty clay loam, 9 to 14 percent slopes, eroded","Inceptisols","Tama",12,11.6,9,14,"eroded","Rill erosion","Class 2",5,0.375,48,3,"C",NA,"Well drained","Well drained",0.2,5.02,27.99,"None","","None","","None","None",0,62,6.2,5.1,6.9,25,0,3,0.1,0,0,2.25,NA,"Silty clay loam","Sandy","Shallow (6-12 inches)","6.0-7.0","Cool-season (Semi-Hardy)","6.0","7.0",NA,NA,NA,NA,NA,NA,5,3,"August-November",2,"Soil Texture does not match,This soil's topsoil may have been depleated"
"52","Lettuce","120D2",409409,22074096,"Tama silty clay loam, 9 to 14 percent slopes, eroded","Inceptisols","Tama",12,11.6,9,14,"eroded","Rill erosion","Class 2",5,0.375,48,3,"C",NA,"Well drained","Well drained",0.2,5.02,27.99,"None","","None","","None","None",0,62,6.2,5.1,6.9,25,0,3,0.1,0,0,2.25,NA,"Silty clay loam","Sandy","Shallow (6-12 inches)","6.0-7.0","Cool-season (Semi-Hardy)","6.0","7.0",NA,NA,NA,NA,NA,NA,3,1,"April-June",2,"Soil Texture does not match,This soil's topsoil may have been depleated"
"53","Lettuce","11B",409404,22074290,"Colo-Ely complex, 0 to 5 percent slopes","Mollisols","Ely",4,2.4,2,5,"","Rill erosion","Class 1",5,0.32,48,2,"C/D",NA,"Somewhat poorly drained","Poorly drained",0.17,4.2,26.11,"None","","None","","None","None",0,86,6.5,5.6,7.3,23.9,0,3,0.2,0,0,5,NA,"Silty clay loam","Sandy","Shallow (6-12 inches)","6.0-7.0","Cool-season (Semi-Hardy)","6.0","7.0",NA,NA,NA,NA,NA,NA,5,3,"August-November",2,"Soil Texture does not match,This soil's drainage may be limited"
"54","Lettuce","11B",409404,22074290,"Colo-Ely complex, 0 to 5 percent slopes","Mollisols","Ely",4,2.4,2,5,"","Rill erosion","Class 1",5,0.32,48,2,"C/D",NA,"Somewhat poorly drained","Poorly drained",0.17,4.2,26.11,"None","","None","","None","None",0,86,6.5,5.6,7.3,23.9,0,3,0.2,0,0,5,NA,"Silty clay loam","Sandy","Shallow (6-12 inches)","6.0-7.0","Cool-season (Semi-Hardy)","6.0","7.0",NA,NA,NA,NA,NA,NA,3,1,"April-June",2,"Soil Texture does not match,This soil's drainage may be limited"
"55","Lettuce","119",409403,22073927,"Muscatine silty clay loam, 0 to 2 percent slopes","Mollisols","Muscatine",1,1,0,2,"","Sheet erosion","Class 1",5,0.37,48,1,"C/D",NA,"Somewhat poorly drained","Somewhat poorly drained",0.23,5.74,28.97,"None","","None","","None","None",0,100,5.6,5.1,7.3,25.5,0,3,0.1,0,0,5,NA,"Silty clay loam","Sandy","Shallow (6-12 inches)","6.0-7.0","Cool-season (Semi-Hardy)","6.0","7.0",NA,NA,NA,NA,NA,NA,5,3,"August-November",2,"pH does not fit into range,Soil Texture does not match"
"56","Lettuce","119",409403,22073927,"Muscatine silty clay loam, 0 to 2 percent slopes","Mollisols","Muscatine",1,1,0,2,"","Sheet erosion","Class 1",5,0.37,48,1,"C/D",NA,"Somewhat poorly drained","Somewhat poorly drained",0.23,5.74,28.97,"None","","None","","None","None",0,100,5.6,5.1,7.3,25.5,0,3,0.1,0,0,5,NA,"Silty clay loam","Sandy","Shallow (6-12 inches)","6.0-7.0","Cool-season (Semi-Hardy)","6.0","7.0",NA,NA,NA,NA,NA,NA,3,1,"April-June",2,"pH does not fit into range,Soil Texture does not match"
"57","Lettuce","11B",409404,22074291,"Colo-Ely complex, 0 to 5 percent slopes","Mollisols","Colo",1,2.4,0,2,"","Rill erosion","None - deposition",5,0.28,48,2,"C/D",NA,"Poorly drained","Poorly drained",0.16,4.2,26.11,"None","","None","","None","None",0,86,6.5,5.6,7.3,25.5,0,3,0.2,0,0,5,NA,"Silty clay loam","Sandy","Shallow (6-12 inches)","6.0-7.0","Cool-season (Semi-Hardy)","6.0","7.0",NA,NA,NA,NA,NA,NA,5,3,"August-November",2,"Soil Texture does not match,This soil's drainage may be limited"
"58","Lettuce","11B",409404,22074291,"Colo-Ely complex, 0 to 5 percent slopes","Mollisols","Colo",1,2.4,0,2,"","Rill erosion","None - deposition",5,0.28,48,2,"C/D",NA,"Poorly drained","Poorly drained",0.16,4.2,26.11,"None","","None","","None","None",0,86,6.5,5.6,7.3,25.5,0,3,0.2,0,0,5,NA,"Silty clay loam","Sandy","Shallow (6-12 inches)","6.0-7.0","Cool-season (Semi-Hardy)","6.0","7.0",NA,NA,NA,NA,NA,NA,3,1,"April-June",2,"Soil Texture does not match,This soil's drainage may be limited"
"59","Lettuce","120B",409406,22073718,"Tama silty clay loam, 2 to 5 percent slopes","Mollisols","Tama",4,4,2,5,"","Rill erosion","Class 1",5,0.345,48,2,"C",NA,"Well drained","Well drained",0.21,5.28,28.94,"None","","None","","None","None",0,95,6.25,5.1,7.3,23.15,0,3,0.1,0,0,3.25,NA,"Silty clay loam","Sandy","Shallow (6-12 inches)","6.0-7.0","Cool-season (Semi-Hardy)","6.0","7.0",NA,NA,NA,NA,NA,NA,5,3,"August-November",1,"Soil Texture does not match"
"60","Lettuce","120B",409406,22073718,"Tama silty clay loam, 2 to 5 percent slopes","Mollisols","Tama",4,4,2,5,"","Rill erosion","Class 1",5,0.345,48,2,"C",NA,"Well drained","Well drained",0.21,5.28,28.94,"None","","None","","None","None",0,95,6.25,5.1,7.3,23.15,0,3,0.1,0,0,3.25,NA,"Silty clay loam","Sandy","Shallow (6-12 inches)","6.0-7.0","Cool-season (Semi-Hardy)","6.0","7.0",NA,NA,NA,NA,NA,NA,3,1,"April-June",1,"Soil Texture does not match"
"61","Oats","120C2",409408,22074067,"Tama silty clay loam, 5 to 9 percent slopes, eroded","Inceptisols","Tama",7,7,5,9,"eroded","Rill erosion","Class 2",5,0.42,48,3,"C",NA,"Well drained","Well drained",0.192,5.06,28.21,"None","","None","","None","None",0,87,6.06,5.1,6.82,24.42,0,3,0.1,0,0,1.36,NA,"Silty clay loam","Loam","Deep (>36 inches)","4.5-6.0","Cool-season (Hardy)","4.5","6.0","Low","Low","Low","Low","Medium","Low",1,0,"Fall",5,"pH does not fit into range,Soil Texture does not match,This soil is more susceptible to erosion,This soil's organic matter percent could be an issue,This soil's topsoil may have been depleated"
"62","Oats","120C2",409408,22074067,"Tama silty clay loam, 5 to 9 percent slopes, eroded","Inceptisols","Tama",7,7,5,9,"eroded","Rill erosion","Class 2",5,0.42,48,3,"C",NA,"Well drained","Well drained",0.192,5.06,28.21,"None","","None","","None","None",0,87,6.06,5.1,6.82,24.42,0,3,0.1,0,0,1.36,NA,"Silty clay loam","Loam","Deep (>36 inches)","4.5-6.0","Cool-season (Hardy)","4.5","6.0","Low","Low","Low","Low","Medium","Low",1,4,"September-November",5,"pH does not fit into range,Soil Texture does not match,This soil is more susceptible to erosion,This soil's organic matter percent could be an issue,This soil's topsoil may have been depleated"
"63","Oats","120D2",409409,22074096,"Tama silty clay loam, 9 to 14 percent slopes, eroded","Inceptisols","Tama",12,11.6,9,14,"eroded","Rill erosion","Class 2",5,0.42,48,3,"C",NA,"Well drained","Well drained",0.192,5.02,27.99,"None","","None","","None","None",0,62,6.06,5.1,6.82,24.42,0,3,0.1,0,0,1.36,NA,"Silty clay loam","Loam","Deep (>36 inches)","4.5-6.0","Cool-season (Hardy)","4.5","6.0","Low","Low","Low","Low","Medium","Low",1,0,"Fall",5,"pH does not fit into range,Soil Texture does not match,This soil is more susceptible to erosion,This soil's organic matter percent could be an issue,This soil's topsoil may have been depleated"
"64","Oats","120D2",409409,22074096,"Tama silty clay loam, 9 to 14 percent slopes, eroded","Inceptisols","Tama",12,11.6,9,14,"eroded","Rill erosion","Class 2",5,0.42,48,3,"C",NA,"Well drained","Well drained",0.192,5.02,27.99,"None","","None","","None","None",0,62,6.06,5.1,6.82,24.42,0,3,0.1,0,0,1.36,NA,"Silty clay loam","Loam","Deep (>36 inches)","4.5-6.0","Cool-season (Hardy)","4.5","6.0","Low","Low","Low","Low","Medium","Low",1,4,"September-November",5,"pH does not fit into range,Soil Texture does not match,This soil is more susceptible to erosion,This soil's organic matter percent could be an issue,This soil's topsoil may have been depleated"
"65","Oats","120B",409406,22073718,"Tama silty clay loam, 2 to 5 percent slopes","Mollisols","Tama",4,4,2,5,"","Rill erosion","Class 1",5,0.391666666666667,48,2,"C",NA,"Well drained","Well drained",0.2,5.28,28.94,"None","","None","","None","None",0,95,6.01666666666667,5.1,6.9,24.25,0,3,0.1,0,0,2.16666666666667,NA,"Silty clay loam","Loam","Deep (>36 inches)","4.5-6.0","Cool-season (Hardy)","4.5","6.0","Low","Low","Low","Low","Medium","Low",1,0,"Fall",3,"pH does not fit into range,Soil Texture does not match,This soil is more susceptible to erosion"
"66","Oats","120B",409406,22073718,"Tama silty clay loam, 2 to 5 percent slopes","Mollisols","Tama",4,4,2,5,"","Rill erosion","Class 1",5,0.391666666666667,48,2,"C",NA,"Well drained","Well drained",0.2,5.28,28.94,"None","","None","","None","None",0,95,6.01666666666667,5.1,6.9,24.25,0,3,0.1,0,0,2.16666666666667,NA,"Silty clay loam","Loam","Deep (>36 inches)","4.5-6.0","Cool-season (Hardy)","4.5","6.0","Low","Low","Low","Low","Medium","Low",1,4,"September-November",3,"pH does not fit into range,Soil Texture does not match,This soil is more susceptible to erosion"
"67","Oats","119",409403,22073927,"Muscatine silty clay loam, 0 to 2 percent slopes","Mollisols","Muscatine",1,1,0,2,"","Sheet erosion","Class 1",5,0.3625,48,1,"C/D",NA,"Somewhat poorly drained","Somewhat poorly drained",0.2125,5.74,28.97,"None","","None","","None","None",0,100,5.7,5.1,7.3,26.025,0,3,0.1,0,0,3.375,NA,"Silty clay loam","Loam","Deep (>36 inches)","4.5-6.0","Cool-season (Hardy)","4.5","6.0","Low","Low","Low","Low","Medium","Low",1,0,"Fall",1,"Soil Texture does not match"
"68","Oats","119",409403,22073927,"Muscatine silty clay loam, 0 to 2 percent slopes","Mollisols","Muscatine",1,1,0,2,"","Sheet erosion","Class 1",5,0.3625,48,1,"C/D",NA,"Somewhat poorly drained","Somewhat poorly drained",0.2125,5.74,28.97,"None","","None","","None","None",0,100,5.7,5.1,7.3,26.025,0,3,0.1,0,0,3.375,NA,"Silty clay loam","Loam","Deep (>36 inches)","4.5-6.0","Cool-season (Hardy)","4.5","6.0","Low","Low","Low","Low","Medium","Low",1,4,"September-November",1,"Soil Texture does not match"
"69","Oats","11B",409404,22074290,"Colo-Ely complex, 0 to 5 percent slopes","Mollisols","Ely",4,2.4,2,5,"","Rill erosion","Class 1",5,0.36,48,2,"C/D",NA,"Somewhat poorly drained","Poorly drained",0.1725,4.2,26.11,"None","","None","","None","None",0,86,6.55,5.6,7.3,24.3,0,3,0.2,0,0,3.5,NA,"Silty clay loam","Loam","Deep (>36 inches)","4.5-6.0","Cool-season (Hardy)","4.5","6.0","Low","Low","Low","Low","Medium","Low",1,0,"Fall",3,"pH does not fit into range,Soil Texture does not match,This soil's drainage may be limited"
"70","Oats","11B",409404,22074290,"Colo-Ely complex, 0 to 5 percent slopes","Mollisols","Ely",4,2.4,2,5,"","Rill erosion","Class 1",5,0.36,48,2,"C/D",NA,"Somewhat poorly drained","Poorly drained",0.1725,4.2,26.11,"None","","None","","None","None",0,86,6.55,5.6,7.3,24.3,0,3,0.2,0,0,3.5,NA,"Silty clay loam","Loam","Deep (>36 inches)","4.5-6.0","Cool-season (Hardy)","4.5","6.0","Low","Low","Low","Low","Medium","Low",1,4,"September-November",3,"pH does not fit into range,Soil Texture does not match,This soil's drainage may be limited"
"71","Oats","11B",409404,22074291,"Colo-Ely complex, 0 to 5 percent slopes","Mollisols","Colo",1,2.4,0,2,"","Rill erosion","None - deposition",5,0.3,48,2,"C/D",NA,"Poorly drained","Poorly drained",0.1625,4.2,26.11,"None","","None","","None","None",0,86,6.5,5.6,7.3,26.35,0,3,0.2,0,0,3.875,NA,"Silty clay loam","Loam","Deep (>36 inches)","4.5-6.0","Cool-season (Hardy)","4.5","6.0","Low","Low","Low","Low","Medium","Low",1,0,"Fall",3,"pH does not fit into range,Soil Texture does not match,This soil's drainage may be limited"
"72","Oats","11B",409404,22074291,"Colo-Ely complex, 0 to 5 percent slopes","Mollisols","Colo",1,2.4,0,2,"","Rill erosion","None - deposition",5,0.3,48,2,"C/D",NA,"Poorly drained","Poorly drained",0.1625,4.2,26.11,"None","","None","","None","None",0,86,6.5,5.6,7.3,26.35,0,3,0.2,0,0,3.875,NA,"Silty clay loam","Loam","Deep (>36 inches)","4.5-6.0","Cool-season (Hardy)","4.5","6.0","Low","Low","Low","Low","Medium","Low",1,4,"September-November",3,"pH does not fit into range,Soil Texture does not match,This soil's drainage may be limited"
"73","Onions","120B",409406,22073718,"Tama silty clay loam, 2 to 5 percent slopes","Mollisols","Tama",4,4,2,5,"","Rill erosion","Class 1",5,0.345,48,2,"C",NA,"Well drained","Well drained",0.21,5.28,28.94,"None","","None","","None","None",0,95,6.25,5.1,7.3,23.15,0,3,0.1,0,0,3.25,NA,"Silty clay loam","Sandy loam","Shallow (6-12 inches)","6.0-7.0","Cool-season (Hardy)","6.0","7.0","Low","High","High","High","-","High",NA,NA,NA,1,"Soil Texture does not match"
"74","Onions","120C2",409408,22074067,"Tama silty clay loam, 5 to 9 percent slopes, eroded","Inceptisols","Tama",7,7,5,9,"eroded","Rill erosion","Class 2",5,0.375,48,3,"C",NA,"Well drained","Well drained",0.2,5.06,28.21,"None","","None","","None","None",0,87,6.2,5.1,6.9,25,0,3,0.1,0,0,2.25,NA,"Silty clay loam","Sandy loam","Shallow (6-12 inches)","6.0-7.0","Cool-season (Hardy)","6.0","7.0","Low","High","High","High","-","High",NA,NA,NA,2,"Soil Texture does not match,This soil's topsoil may have been depleated"
"75","Onions","119",409403,22073927,"Muscatine silty clay loam, 0 to 2 percent slopes","Mollisols","Muscatine",1,1,0,2,"","Sheet erosion","Class 1",5,0.37,48,1,"C/D",NA,"Somewhat poorly drained","Somewhat poorly drained",0.23,5.74,28.97,"None","","None","","None","None",0,100,5.6,5.1,7.3,25.5,0,3,0.1,0,0,5,NA,"Silty clay loam","Sandy loam","Shallow (6-12 inches)","6.0-7.0","Cool-season (Hardy)","6.0","7.0","Low","High","High","High","-","High",NA,NA,NA,2,"pH does not fit into range,Soil Texture does not match"
"76","Onions","120D2",409409,22074096,"Tama silty clay loam, 9 to 14 percent slopes, eroded","Inceptisols","Tama",12,11.6,9,14,"eroded","Rill erosion","Class 2",5,0.375,48,3,"C",NA,"Well drained","Well drained",0.2,5.02,27.99,"None","","None","","None","None",0,62,6.2,5.1,6.9,25,0,3,0.1,0,0,2.25,NA,"Silty clay loam","Sandy loam","Shallow (6-12 inches)","6.0-7.0","Cool-season (Hardy)","6.0","7.0","Low","High","High","High","-","High",NA,NA,NA,2,"Soil Texture does not match,This soil's topsoil may have been depleated"
"77","Onions","11B",409404,22074291,"Colo-Ely complex, 0 to 5 percent slopes","Mollisols","Colo",1,2.4,0,2,"","Rill erosion","None - deposition",5,0.28,48,2,"C/D",NA,"Poorly drained","Poorly drained",0.16,4.2,26.11,"None","","None","","None","None",0,86,6.5,5.6,7.3,25.5,0,3,0.2,0,0,5,NA,"Silty clay loam","Sandy loam","Shallow (6-12 inches)","6.0-7.0","Cool-season (Hardy)","6.0","7.0","Low","High","High","High","-","High",NA,NA,NA,2,"Soil Texture does not match,This soil's drainage may be limited"
"78","Onions","11B",409404,22074290,"Colo-Ely complex, 0 to 5 percent slopes","Mollisols","Ely",4,2.4,2,5,"","Rill erosion","Class 1",5,0.32,48,2,"C/D",NA,"Somewhat poorly drained","Poorly drained",0.17,4.2,26.11,"None","","None","","None","None",0,86,6.5,5.6,7.3,23.9,0,3,0.2,0,0,5,NA,"Silty clay loam","Sandy loam","Shallow (6-12 inches)","6.0-7.0","Cool-season (Hardy)","6.0","7.0","Low","High","High","High","-","High",NA,NA,NA,2,"Soil Texture does not match,This soil's drainage may be limited"
"79","Peas","11B",409404,22074291,"Colo-Ely complex, 0 to 5 percent slopes","Mollisols","Colo",1,2.4,0,2,"","Rill erosion","None - deposition",5,0.293333333333333,48,2,"C/D",NA,"Poorly drained","Poorly drained",0.163333333333333,4.2,26.11,"None","","None","","None","None",0,86,6.5,5.6,7.3,26,0,3,0.2,0,0,4,NA,"Silty clay loam","Clay","Moderate (18-24 inches)","6.0-7.5","Cool-season (Hardy)","6.0","7.5","Low","Low","Low","Medium","-","High",1,0,"Fall",2,"Soil Texture does not match,This soil's drainage may be limited"
"80","Peas","11B",409404,22074291,"Colo-Ely complex, 0 to 5 percent slopes","Mollisols","Colo",1,2.4,0,2,"","Rill erosion","None - deposition",5,0.293333333333333,48,2,"C/D",NA,"Poorly drained","Poorly drained",0.163333333333333,4.2,26.11,"None","","None","","None","None",0,86,6.5,5.6,7.3,26,0,3,0.2,0,0,4,NA,"Silty clay loam","Clay","Moderate (18-24 inches)","6.0-7.5","Cool-season (Hardy)","6.0","7.5","Low","Low","Low","Medium","-","High",1,4,"September-November",2,"Soil Texture does not match,This soil's drainage may be limited"
"81","Peas","120D2",409409,22074096,"Tama silty clay loam, 9 to 14 percent slopes, eroded","Inceptisols","Tama",12,11.6,9,14,"eroded","Rill erosion","Class 2",5,0.393333333333333,48,3,"C",NA,"Well drained","Well drained",0.196666666666667,5.02,27.99,"None","","None","","None","None",0,62,6.1,5.1,6.76666666666667,25.3666666666667,0,3,0.1,0,0,1.83333333333333,NA,"Silty clay loam","Clay","Moderate (18-24 inches)","6.0-7.5","Cool-season (Hardy)","6.0","7.5","Low","Low","Low","Medium","-","High",1,0,"Fall",4,"Soil Texture does not match,This soil is more susceptible to erosion,This soil's organic matter percent could be an issue,This soil's topsoil may have been depleated"
"82","Peas","120D2",409409,22074096,"Tama silty clay loam, 9 to 14 percent slopes, eroded","Inceptisols","Tama",12,11.6,9,14,"eroded","Rill erosion","Class 2",5,0.393333333333333,48,3,"C",NA,"Well drained","Well drained",0.196666666666667,5.02,27.99,"None","","None","","None","None",0,62,6.1,5.1,6.76666666666667,25.3666666666667,0,3,0.1,0,0,1.83333333333333,NA,"Silty clay loam","Clay","Moderate (18-24 inches)","6.0-7.5","Cool-season (Hardy)","6.0","7.5","Low","Low","Low","Medium","-","High",1,4,"September-November",4,"Soil Texture does not match,This soil is more susceptible to erosion,This soil's organic matter percent could be an issue,This soil's topsoil may have been depleated"
"83","Peas","120B",409406,22073718,"Tama silty clay loam, 2 to 5 percent slopes","Mollisols","Tama",4,4,2,5,"","Rill erosion","Class 1",5,0.3725,48,2,"C",NA,"Well drained","Well drained",0.205,5.28,28.94,"None","","None","","None","None",0,95,6.075,5.1,7.1,23.7,0,3,0.1,0,0,2.75,NA,"Silty clay loam","Clay","Moderate (18-24 inches)","6.0-7.5","Cool-season (Hardy)","6.0","7.5","Low","Low","Low","Medium","-","High",1,0,"Fall",1,"Soil Texture does not match"
"84","Peas","120B",409406,22073718,"Tama silty clay loam, 2 to 5 percent slopes","Mollisols","Tama",4,4,2,5,"","Rill erosion","Class 1",5,0.3725,48,2,"C",NA,"Well drained","Well drained",0.205,5.28,28.94,"None","","None","","None","None",0,95,6.075,5.1,7.1,23.7,0,3,0.1,0,0,2.75,NA,"Silty clay loam","Clay","Moderate (18-24 inches)","6.0-7.5","Cool-season (Hardy)","6.0","7.5","Low","Low","Low","Medium","-","High",1,4,"September-November",1,"Soil Texture does not match"
"85","Peas","119",409403,22073927,"Muscatine silty clay loam, 0 to 2 percent slopes","Mollisols","Muscatine",1,1,0,2,"","Sheet erosion","Class 1",5,0.34,48,1,"C/D",NA,"Somewhat poorly drained","Somewhat poorly drained",0.223333333333333,5.74,28.97,"None","","None","","None","None",0,100,5.6,5.1,7.3,26,0,3,0.1,0,0,4.16666666666667,NA,"Silty clay loam","Clay","Moderate (18-24 inches)","6.0-7.5","Cool-season (Hardy)","6.0","7.5","Low","Low","Low","Medium","-","High",1,0,"Fall",2,"pH does not fit into range,Soil Texture does not match"
"86","Peas","119",409403,22073927,"Muscatine silty clay loam, 0 to 2 percent slopes","Mollisols","Muscatine",1,1,0,2,"","Sheet erosion","Class 1",5,0.34,48,1,"C/D",NA,"Somewhat poorly drained","Somewhat poorly drained",0.223333333333333,5.74,28.97,"None","","None","","None","None",0,100,5.6,5.1,7.3,26,0,3,0.1,0,0,4.16666666666667,NA,"Silty clay loam","Clay","Moderate (18-24 inches)","6.0-7.5","Cool-season (Hardy)","6.0","7.5","Low","Low","Low","Medium","-","High",1,4,"September-November",2,"pH does not fit into range,Soil Texture does not match"
"87","Peas","120C2",409408,22074067,"Tama silty clay loam, 5 to 9 percent slopes, eroded","Inceptisols","Tama",7,7,5,9,"eroded","Rill erosion","Class 2",5,0.393333333333333,48,3,"C",NA,"Well drained","Well drained",0.196666666666667,5.06,28.21,"None","","None","","None","None",0,87,6.1,5.1,6.76666666666667,25.3666666666667,0,3,0.1,0,0,1.83333333333333,NA,"Silty clay loam","Clay","Moderate (18-24 inches)","6.0-7.5","Cool-season (Hardy)","6.0","7.5","Low","Low","Low","Medium","-","High",1,0,"Fall",4,"Soil Texture does not match,This soil is more susceptible to erosion,This soil's organic matter percent could be an issue,This soil's topsoil may have been depleated"
"88","Peas","120C2",409408,22074067,"Tama silty clay loam, 5 to 9 percent slopes, eroded","Inceptisols","Tama",7,7,5,9,"eroded","Rill erosion","Class 2",5,0.393333333333333,48,3,"C",NA,"Well drained","Well drained",0.196666666666667,5.06,28.21,"None","","None","","None","None",0,87,6.1,5.1,6.76666666666667,25.3666666666667,0,3,0.1,0,0,1.83333333333333,NA,"Silty clay loam","Clay","Moderate (18-24 inches)","6.0-7.5","Cool-season (Hardy)","6.0","7.5","Low","Low","Low","Medium","-","High",1,4,"September-November",4,"Soil Texture does not match,This soil is more susceptible to erosion,This soil's organic matter percent could be an issue,This soil's topsoil may have been depleated"
"89","Peas","11B",409404,22074290,"Colo-Ely complex, 0 to 5 percent slopes","Mollisols","Ely",4,2.4,2,5,"","Rill erosion","Class 1",5,0.32,48,2,"C/D",NA,"Somewhat poorly drained","Poorly drained",0.17,4.2,26.11,"None","","None","","None","None",0,86,6.5,5.6,7.3,23.75,0,3,0.2,0,0,4.25,NA,"Silty clay loam","Clay","Moderate (18-24 inches)","6.0-7.5","Cool-season (Hardy)","6.0","7.5","Low","Low","Low","Medium","-","High",1,0,"Fall",2,"Soil Texture does not match,This soil's drainage may be limited"
"90","Peas","11B",409404,22074290,"Colo-Ely complex, 0 to 5 percent slopes","Mollisols","Ely",4,2.4,2,5,"","Rill erosion","Class 1",5,0.32,48,2,"C/D",NA,"Somewhat poorly drained","Poorly drained",0.17,4.2,26.11,"None","","None","","None","None",0,86,6.5,5.6,7.3,23.75,0,3,0.2,0,0,4.25,NA,"Silty clay loam","Clay","Moderate (18-24 inches)","6.0-7.5","Cool-season (Hardy)","6.0","7.5","Low","Low","Low","Medium","-","High",1,4,"September-November",2,"Soil Texture does not match,This soil's drainage may be limited"
"91","Potato","120C2",409408,22074067,"Tama silty clay loam, 5 to 9 percent slopes, eroded","Inceptisols","Tama",7,7,5,9,"eroded","Rill erosion","Class 2",5,0.393333333333333,48,3,"C",NA,"Well drained","Well drained",0.196666666666667,5.06,28.21,"None","","None","","None","None",0,87,6.1,5.1,6.76666666666667,25.3666666666667,0,3,0.1,0,0,1.83333333333333,NA,"Silty clay loam","Sandy loam","Moderate (18-24 inches)","6.0-6.5","Cool-season (Semi-Hardy)","6.0","6.5","Medium","Medium","Low","Medium","Medium","Medium",1,2,"April-August",4,"Soil Texture does not match,This soil is more susceptible to erosion,This soil's organic matter percent could be an issue,This soil's topsoil may have been depleated"
"92","Potato","120C2",409408,22074067,"Tama silty clay loam, 5 to 9 percent slopes, eroded","Inceptisols","Tama",7,7,5,9,"eroded","Rill erosion","Class 2",5,0.393333333333333,48,3,"C",NA,"Well drained","Well drained",0.196666666666667,5.06,28.21,"None","","None","","None","None",0,87,6.1,5.1,6.76666666666667,25.3666666666667,0,3,0.1,0,0,1.83333333333333,NA,"Silty clay loam","Sandy loam","Moderate (18-24 inches)","6.0-6.5","Cool-season (Semi-Hardy)","6.0","6.5","Medium","Medium","Low","Medium","Medium","Medium",4,4,"April-August",4,"Soil Texture does not match,This soil is more susceptible to erosion,This soil's organic matter percent could be an issue,This soil's topsoil may have been depleated"
"93","Potato","11B",409404,22074290,"Colo-Ely complex, 0 to 5 percent slopes","Mollisols","Ely",4,2.4,2,5,"","Rill erosion","Class 1",5,0.32,48,2,"C/D",NA,"Somewhat poorly drained","Poorly drained",0.17,4.2,26.11,"None","","None","","None","None",0,86,6.5,5.6,7.3,23.75,0,3,0.2,0,0,4.25,NA,"Silty clay loam","Sandy loam","Moderate (18-24 inches)","6.0-6.5","Cool-season (Semi-Hardy)","6.0","6.5","Medium","Medium","Low","Medium","Medium","Medium",1,2,"April-August",2,"Soil Texture does not match,This soil's drainage may be limited"
"94","Potato","11B",409404,22074290,"Colo-Ely complex, 0 to 5 percent slopes","Mollisols","Ely",4,2.4,2,5,"","Rill erosion","Class 1",5,0.32,48,2,"C/D",NA,"Somewhat poorly drained","Poorly drained",0.17,4.2,26.11,"None","","None","","None","None",0,86,6.5,5.6,7.3,23.75,0,3,0.2,0,0,4.25,NA,"Silty clay loam","Sandy loam","Moderate (18-24 inches)","6.0-6.5","Cool-season (Semi-Hardy)","6.0","6.5","Medium","Medium","Low","Medium","Medium","Medium",4,4,"April-August",2,"Soil Texture does not match,This soil's drainage may be limited"
"95","Potato","120B",409406,22073718,"Tama silty clay loam, 2 to 5 percent slopes","Mollisols","Tama",4,4,2,5,"","Rill erosion","Class 1",5,0.3725,48,2,"C",NA,"Well drained","Well drained",0.205,5.28,28.94,"None","","None","","None","None",0,95,6.075,5.1,7.1,23.7,0,3,0.1,0,0,2.75,NA,"Silty clay loam","Sandy loam","Moderate (18-24 inches)","6.0-6.5","Cool-season (Semi-Hardy)","6.0","6.5","Medium","Medium","Low","Medium","Medium","Medium",1,2,"April-August",1,"Soil Texture does not match"
"96","Potato","120B",409406,22073718,"Tama silty clay loam, 2 to 5 percent slopes","Mollisols","Tama",4,4,2,5,"","Rill erosion","Class 1",5,0.3725,48,2,"C",NA,"Well drained","Well drained",0.205,5.28,28.94,"None","","None","","None","None",0,95,6.075,5.1,7.1,23.7,0,3,0.1,0,0,2.75,NA,"Silty clay loam","Sandy loam","Moderate (18-24 inches)","6.0-6.5","Cool-season (Semi-Hardy)","6.0","6.5","Medium","Medium","Low","Medium","Medium","Medium",4,4,"April-August",1,"Soil Texture does not match"
"97","Potato","120D2",409409,22074096,"Tama silty clay loam, 9 to 14 percent slopes, eroded","Inceptisols","Tama",12,11.6,9,14,"eroded","Rill erosion","Class 2",5,0.393333333333333,48,3,"C",NA,"Well drained","Well drained",0.196666666666667,5.02,27.99,"None","","None","","None","None",0,62,6.1,5.1,6.76666666666667,25.3666666666667,0,3,0.1,0,0,1.83333333333333,NA,"Silty clay loam","Sandy loam","Moderate (18-24 inches)","6.0-6.5","Cool-season (Semi-Hardy)","6.0","6.5","Medium","Medium","Low","Medium","Medium","Medium",1,2,"April-August",4,"Soil Texture does not match,This soil is more susceptible to erosion,This soil's organic matter percent could be an issue,This soil's topsoil may have been depleated"
"98","Potato","120D2",409409,22074096,"Tama silty clay loam, 9 to 14 percent slopes, eroded","Inceptisols","Tama",12,11.6,9,14,"eroded","Rill erosion","Class 2",5,0.393333333333333,48,3,"C",NA,"Well drained","Well drained",0.196666666666667,5.02,27.99,"None","","None","","None","None",0,62,6.1,5.1,6.76666666666667,25.3666666666667,0,3,0.1,0,0,1.83333333333333,NA,"Silty clay loam","Sandy loam","Moderate (18-24 inches)","6.0-6.5","Cool-season (Semi-Hardy)","6.0","6.5","Medium","Medium","Low","Medium","Medium","Medium",4,4,"April-August",4,"Soil Texture does not match,This soil is more susceptible to erosion,This soil's organic matter percent could be an issue,This soil's topsoil may have been depleated"
"99","Potato","119",409403,22073927,"Muscatine silty clay loam, 0 to 2 percent slopes","Mollisols","Muscatine",1,1,0,2,"","Sheet erosion","Class 1",5,0.34,48,1,"C/D",NA,"Somewhat poorly drained","Somewhat poorly drained",0.223333333333333,5.74,28.97,"None","","None","","None","None",0,100,5.6,5.1,7.3,26,0,3,0.1,0,0,4.16666666666667,NA,"Silty clay loam","Sandy loam","Moderate (18-24 inches)","6.0-6.5","Cool-season (Semi-Hardy)","6.0","6.5","Medium","Medium","Low","Medium","Medium","Medium",1,2,"April-August",2,"pH does not fit into range,Soil Texture does not match"
"100","Potato","119",409403,22073927,"Muscatine silty clay loam, 0 to 2 percent slopes","Mollisols","Muscatine",1,1,0,2,"","Sheet erosion","Class 1",5,0.34,48,1,"C/D",NA,"Somewhat poorly drained","Somewhat poorly drained",0.223333333333333,5.74,28.97,"None","","None","","None","None",0,100,5.6,5.1,7.3,26,0,3,0.1,0,0,4.16666666666667,NA,"Silty clay loam","Sandy loam","Moderate (18-24 inches)","6.0-6.5","Cool-season (Semi-Hardy)","6.0","6.5","Medium","Medium","Low","Medium","Medium","Medium",4,4,"April-August",2,"pH does not fit into range,Soil Texture does not match"
"101","Potato","11B",409404,22074291,"Colo-Ely complex, 0 to 5 percent slopes","Mollisols","Colo",1,2.4,0,2,"","Rill erosion","None - deposition",5,0.293333333333333,48,2,"C/D",NA,"Poorly drained","Poorly drained",0.163333333333333,4.2,26.11,"None","","None","","None","None",0,86,6.5,5.6,7.3,26,0,3,0.2,0,0,4,NA,"Silty clay loam","Sandy loam","Moderate (18-24 inches)","6.0-6.5","Cool-season (Semi-Hardy)","6.0","6.5","Medium","Medium","Low","Medium","Medium","Medium",1,2,"April-August",2,"Soil Texture does not match,This soil's drainage may be limited"
"102","Potato","11B",409404,22074291,"Colo-Ely complex, 0 to 5 percent slopes","Mollisols","Colo",1,2.4,0,2,"","Rill erosion","None - deposition",5,0.293333333333333,48,2,"C/D",NA,"Poorly drained","Poorly drained",0.163333333333333,4.2,26.11,"None","","None","","None","None",0,86,6.5,5.6,7.3,26,0,3,0.2,0,0,4,NA,"Silty clay loam","Sandy loam","Moderate (18-24 inches)","6.0-6.5","Cool-season (Semi-Hardy)","6.0","6.5","Medium","Medium","Low","Medium","Medium","Medium",4,4,"April-August",2,"Soil Texture does not match,This soil's drainage may be limited"
"103","Pumpkin","120D2",409409,22074096,"Tama silty clay loam, 9 to 14 percent slopes, eroded","Inceptisols","Tama",12,11.6,9,14,"eroded","Rill erosion","Class 2",5,0.42,48,3,"C",NA,"Well drained","Well drained",0.192,5.02,27.99,"None","","None","","None","None",0,62,6.06,5.1,6.82,24.42,0,3,0.1,0,0,1.36,NA,"Silty clay loam","Sandy","Deep (>36 inches)","5.5-7.5","Warm-season (Very Tender)","5.5","7.5","Medium","High","Medium","Medium","High","Medium",2,1,"June-October",4,"Soil Texture does not match,This soil is more susceptible to erosion,This soil's organic matter percent could be an issue,This soil's topsoil may have been depleated"
"104","Pumpkin","11B",409404,22074290,"Colo-Ely complex, 0 to 5 percent slopes","Mollisols","Ely",4,2.4,2,5,"","Rill erosion","Class 1",5,0.36,48,2,"C/D",NA,"Somewhat poorly drained","Poorly drained",0.1725,4.2,26.11,"None","","None","","None","None",0,86,6.55,5.6,7.3,24.3,0,3,0.2,0,0,3.5,NA,"Silty clay loam","Sandy","Deep (>36 inches)","5.5-7.5","Warm-season (Very Tender)","5.5","7.5","Medium","High","Medium","Medium","High","Medium",2,1,"June-October",2,"Soil Texture does not match,This soil's drainage may be limited"
"105","Pumpkin","120C2",409408,22074067,"Tama silty clay loam, 5 to 9 percent slopes, eroded","Inceptisols","Tama",7,7,5,9,"eroded","Rill erosion","Class 2",5,0.42,48,3,"C",NA,"Well drained","Well drained",0.192,5.06,28.21,"None","","None","","None","None",0,87,6.06,5.1,6.82,24.42,0,3,0.1,0,0,1.36,NA,"Silty clay loam","Sandy","Deep (>36 inches)","5.5-7.5","Warm-season (Very Tender)","5.5","7.5","Medium","High","Medium","Medium","High","Medium",2,1,"June-October",4,"Soil Texture does not match,This soil is more susceptible to erosion,This soil's organic matter percent could be an issue,This soil's topsoil may have been depleated"
"106","Pumpkin","119",409403,22073927,"Muscatine silty clay loam, 0 to 2 percent slopes","Mollisols","Muscatine",1,1,0,2,"","Sheet erosion","Class 1",5,0.3625,48,1,"C/D",NA,"Somewhat poorly drained","Somewhat poorly drained",0.2125,5.74,28.97,"None","","None","","None","None",0,100,5.7,5.1,7.3,26.025,0,3,0.1,0,0,3.375,NA,"Silty clay loam","Sandy","Deep (>36 inches)","5.5-7.5","Warm-season (Very Tender)","5.5","7.5","Medium","High","Medium","Medium","High","Medium",2,1,"June-October",1,"Soil Texture does not match"
"107","Pumpkin","11B",409404,22074291,"Colo-Ely complex, 0 to 5 percent slopes","Mollisols","Colo",1,2.4,0,2,"","Rill erosion","None - deposition",5,0.3,48,2,"C/D",NA,"Poorly drained","Poorly drained",0.1625,4.2,26.11,"None","","None","","None","None",0,86,6.5,5.6,7.3,26.35,0,3,0.2,0,0,3.875,NA,"Silty clay loam","Sandy","Deep (>36 inches)","5.5-7.5","Warm-season (Very Tender)","5.5","7.5","Medium","High","Medium","Medium","High","Medium",2,1,"June-October",2,"Soil Texture does not match,This soil's drainage may be limited"
"108","Pumpkin","120B",409406,22073718,"Tama silty clay loam, 2 to 5 percent slopes","Mollisols","Tama",4,4,2,5,"","Rill erosion","Class 1",5,0.391666666666667,48,2,"C",NA,"Well drained","Well drained",0.2,5.28,28.94,"None","","None","","None","None",0,95,6.01666666666667,5.1,6.9,24.25,0,3,0.1,0,0,2.16666666666667,NA,"Silty clay loam","Sandy","Deep (>36 inches)","5.5-7.5","Warm-season (Very Tender)","5.5","7.5","Medium","High","Medium","Medium","High","Medium",2,1,"June-October",2,"Soil Texture does not match,This soil is more susceptible to erosion"
"109","Radish","11B",409404,22074291,"Colo-Ely complex, 0 to 5 percent slopes","Mollisols","Colo",1,2.4,0,2,"","Rill erosion","None - deposition",5,0.28,48,2,"C/D",NA,"Poorly drained","Poorly drained",0.16,4.2,26.11,"None","","None","","None","None",0,86,6.5,5.6,7.3,25.5,0,3,0.2,0,0,5,NA,"Silty clay loam","Sandy","Shallow (6-12 inches)","6.0-7.0",NA,"6.0","7.0","Medium","High","High","High","High","High",3,4,"September-November",2,"Soil Texture does not match,This soil's drainage may be limited"
"110","Radish","11B",409404,22074291,"Colo-Ely complex, 0 to 5 percent slopes","Mollisols","Colo",1,2.4,0,2,"","Rill erosion","None - deposition",5,0.28,48,2,"C/D",NA,"Poorly drained","Poorly drained",0.16,4.2,26.11,"None","","None","","None","None",0,86,6.5,5.6,7.3,25.5,0,3,0.2,0,0,5,NA,"Silty clay loam","Sandy","Shallow (6-12 inches)","6.0-7.0",NA,"6.0","7.0","Medium","High","High","High","High","High",3,0,"Fall",2,"Soil Texture does not match,This soil's drainage may be limited"
"111","Radish","120D2",409409,22074096,"Tama silty clay loam, 9 to 14 percent slopes, eroded","Inceptisols","Tama",12,11.6,9,14,"eroded","Rill erosion","Class 2",5,0.375,48,3,"C",NA,"Well drained","Well drained",0.2,5.02,27.99,"None","","None","","None","None",0,62,6.2,5.1,6.9,25,0,3,0.1,0,0,2.25,NA,"Silty clay loam","Sandy","Shallow (6-12 inches)","6.0-7.0",NA,"6.0","7.0","Medium","High","High","High","High","High",3,4,"September-November",2,"Soil Texture does not match,This soil's topsoil may have been depleated"
"112","Radish","120D2",409409,22074096,"Tama silty clay loam, 9 to 14 percent slopes, eroded","Inceptisols","Tama",12,11.6,9,14,"eroded","Rill erosion","Class 2",5,0.375,48,3,"C",NA,"Well drained","Well drained",0.2,5.02,27.99,"None","","None","","None","None",0,62,6.2,5.1,6.9,25,0,3,0.1,0,0,2.25,NA,"Silty clay loam","Sandy","Shallow (6-12 inches)","6.0-7.0",NA,"6.0","7.0","Medium","High","High","High","High","High",3,0,"Fall",2,"Soil Texture does not match,This soil's topsoil may have been depleated"
"113","Radish","119",409403,22073927,"Muscatine silty clay loam, 0 to 2 percent slopes","Mollisols","Muscatine",1,1,0,2,"","Sheet erosion","Class 1",5,0.37,48,1,"C/D",NA,"Somewhat poorly drained","Somewhat poorly drained",0.23,5.74,28.97,"None","","None","","None","None",0,100,5.6,5.1,7.3,25.5,0,3,0.1,0,0,5,NA,"Silty clay loam","Sandy","Shallow (6-12 inches)","6.0-7.0",NA,"6.0","7.0","Medium","High","High","High","High","High",3,4,"September-November",2,"pH does not fit into range,Soil Texture does not match"
"114","Radish","119",409403,22073927,"Muscatine silty clay loam, 0 to 2 percent slopes","Mollisols","Muscatine",1,1,0,2,"","Sheet erosion","Class 1",5,0.37,48,1,"C/D",NA,"Somewhat poorly drained","Somewhat poorly drained",0.23,5.74,28.97,"None","","None","","None","None",0,100,5.6,5.1,7.3,25.5,0,3,0.1,0,0,5,NA,"Silty clay loam","Sandy","Shallow (6-12 inches)","6.0-7.0",NA,"6.0","7.0","Medium","High","High","High","High","High",3,0,"Fall",2,"pH does not fit into range,Soil Texture does not match"
"115","Radish","120C2",409408,22074067,"Tama silty clay loam, 5 to 9 percent slopes, eroded","Inceptisols","Tama",7,7,5,9,"eroded","Rill erosion","Class 2",5,0.375,48,3,"C",NA,"Well drained","Well drained",0.2,5.06,28.21,"None","","None","","None","None",0,87,6.2,5.1,6.9,25,0,3,0.1,0,0,2.25,NA,"Silty clay loam","Sandy","Shallow (6-12 inches)","6.0-7.0",NA,"6.0","7.0","Medium","High","High","High","High","High",3,4,"September-November",2,"Soil Texture does not match,This soil's topsoil may have been depleated"
"116","Radish","120C2",409408,22074067,"Tama silty clay loam, 5 to 9 percent slopes, eroded","Inceptisols","Tama",7,7,5,9,"eroded","Rill erosion","Class 2",5,0.375,48,3,"C",NA,"Well drained","Well drained",0.2,5.06,28.21,"None","","None","","None","None",0,87,6.2,5.1,6.9,25,0,3,0.1,0,0,2.25,NA,"Silty clay loam","Sandy","Shallow (6-12 inches)","6.0-7.0",NA,"6.0","7.0","Medium","High","High","High","High","High",3,0,"Fall",2,"Soil Texture does not match,This soil's topsoil may have been depleated"
"117","Radish","11B",409404,22074290,"Colo-Ely complex, 0 to 5 percent slopes","Mollisols","Ely",4,2.4,2,5,"","Rill erosion","Class 1",5,0.32,48,2,"C/D",NA,"Somewhat poorly drained","Poorly drained",0.17,4.2,26.11,"None","","None","","None","None",0,86,6.5,5.6,7.3,23.9,0,3,0.2,0,0,5,NA,"Silty clay loam","Sandy","Shallow (6-12 inches)","6.0-7.0",NA,"6.0","7.0","Medium","High","High","High","High","High",3,4,"September-November",2,"Soil Texture does not match,This soil's drainage may be limited"
"118","Radish","11B",409404,22074290,"Colo-Ely complex, 0 to 5 percent slopes","Mollisols","Ely",4,2.4,2,5,"","Rill erosion","Class 1",5,0.32,48,2,"C/D",NA,"Somewhat poorly drained","Poorly drained",0.17,4.2,26.11,"None","","None","","None","None",0,86,6.5,5.6,7.3,23.9,0,3,0.2,0,0,5,NA,"Silty clay loam","Sandy","Shallow (6-12 inches)","6.0-7.0",NA,"6.0","7.0","Medium","High","High","High","High","High",3,0,"Fall",2,"Soil Texture does not match,This soil's drainage may be limited"
"119","Radish","120B",409406,22073718,"Tama silty clay loam, 2 to 5 percent slopes","Mollisols","Tama",4,4,2,5,"","Rill erosion","Class 1",5,0.345,48,2,"C",NA,"Well drained","Well drained",0.21,5.28,28.94,"None","","None","","None","None",0,95,6.25,5.1,7.3,23.15,0,3,0.1,0,0,3.25,NA,"Silty clay loam","Sandy","Shallow (6-12 inches)","6.0-7.0",NA,"6.0","7.0","Medium","High","High","High","High","High",3,4,"September-November",1,"Soil Texture does not match"
"120","Radish","120B",409406,22073718,"Tama silty clay loam, 2 to 5 percent slopes","Mollisols","Tama",4,4,2,5,"","Rill erosion","Class 1",5,0.345,48,2,"C",NA,"Well drained","Well drained",0.21,5.28,28.94,"None","","None","","None","None",0,95,6.25,5.1,7.3,23.15,0,3,0.1,0,0,3.25,NA,"Silty clay loam","Sandy","Shallow (6-12 inches)","6.0-7.0",NA,"6.0","7.0","Medium","High","High","High","High","High",3,0,"Fall",1,"Soil Texture does not match"
"121","Spinach","120D2",409409,22074096,"Tama silty clay loam, 9 to 14 percent slopes, eroded","Inceptisols","Tama",12,11.6,9,14,"eroded","Rill erosion","Class 2",5,0.393333333333333,48,3,"C",NA,"Well drained","Well drained",0.196666666666667,5.02,27.99,"None","","None","","None","None",0,62,6.1,5.1,6.76666666666667,25.3666666666667,0,3,0.1,0,0,1.83333333333333,NA,"Silty clay loam","Clay","Moderate(18-24 inches)","6.5-7.5","Cool-season (Hardy)","6.5","7.5",NA,NA,NA,NA,NA,NA,5,3,"August-November",5,"pH does not fit into range,Soil Texture does not match,This soil is more susceptible to erosion,This soil's organic matter percent could be an issue,This soil's topsoil may have been depleated"
"122","Spinach","120B",409406,22073718,"Tama silty clay loam, 2 to 5 percent slopes","Mollisols","Tama",4,4,2,5,"","Rill erosion","Class 1",5,0.3725,48,2,"C",NA,"Well drained","Well drained",0.205,5.28,28.94,"None","","None","","None","None",0,95,6.075,5.1,7.1,23.7,0,3,0.1,0,0,2.75,NA,"Silty clay loam","Clay","Moderate(18-24 inches)","6.5-7.5","Cool-season (Hardy)","6.5","7.5",NA,NA,NA,NA,NA,NA,5,3,"August-November",2,"pH does not fit into range,Soil Texture does not match"
"123","Spinach","11B",409404,22074290,"Colo-Ely complex, 0 to 5 percent slopes","Mollisols","Ely",4,2.4,2,5,"","Rill erosion","Class 1",5,0.32,48,2,"C/D",NA,"Somewhat poorly drained","Poorly drained",0.17,4.2,26.11,"None","","None","","None","None",0,86,6.5,5.6,7.3,23.75,0,3,0.2,0,0,4.25,NA,"Silty clay loam","Clay","Moderate(18-24 inches)","6.5-7.5","Cool-season (Hardy)","6.5","7.5",NA,NA,NA,NA,NA,NA,5,3,"August-November",2,"Soil Texture does not match,This soil's drainage may be limited"
"124","Spinach","11B",409404,22074291,"Colo-Ely complex, 0 to 5 percent slopes","Mollisols","Colo",1,2.4,0,2,"","Rill erosion","None - deposition",5,0.293333333333333,48,2,"C/D",NA,"Poorly drained","Poorly drained",0.163333333333333,4.2,26.11,"None","","None","","None","None",0,86,6.5,5.6,7.3,26,0,3,0.2,0,0,4,NA,"Silty clay loam","Clay","Moderate(18-24 inches)","6.5-7.5","Cool-season (Hardy)","6.5","7.5",NA,NA,NA,NA,NA,NA,5,3,"August-November",2,"Soil Texture does not match,This soil's drainage may be limited"
"125","Spinach","119",409403,22073927,"Muscatine silty clay loam, 0 to 2 percent slopes","Mollisols","Muscatine",1,1,0,2,"","Sheet erosion","Class 1",5,0.34,48,1,"C/D",NA,"Somewhat poorly drained","Somewhat poorly drained",0.223333333333333,5.74,28.97,"None","","None","","None","None",0,100,5.6,5.1,7.3,26,0,3,0.1,0,0,4.16666666666667,NA,"Silty clay loam","Clay","Moderate(18-24 inches)","6.5-7.5","Cool-season (Hardy)","6.5","7.5",NA,NA,NA,NA,NA,NA,5,3,"August-November",2,"pH does not fit into range,Soil Texture does not match"
"126","Spinach","120C2",409408,22074067,"Tama silty clay loam, 5 to 9 percent slopes, eroded","Inceptisols","Tama",7,7,5,9,"eroded","Rill erosion","Class 2",5,0.393333333333333,48,3,"C",NA,"Well drained","Well drained",0.196666666666667,5.06,28.21,"None","","None","","None","None",0,87,6.1,5.1,6.76666666666667,25.3666666666667,0,3,0.1,0,0,1.83333333333333,NA,"Silty clay loam","Clay","Moderate(18-24 inches)","6.5-7.5","Cool-season (Hardy)","6.5","7.5",NA,NA,NA,NA,NA,NA,5,3,"August-November",5,"pH does not fit into range,Soil Texture does not match,This soil is more susceptible to erosion,This soil's organic matter percent could be an issue,This soil's topsoil may have been depleated"
"127","Squash","120D2",409409,22074096,"Tama silty clay loam, 9 to 14 percent slopes, eroded","Inceptisols","Tama",12,11.6,9,14,"eroded","Rill erosion","Class 2",5,0.393333333333333,48,3,"C",NA,"Well drained","Well drained",0.196666666666667,5.02,27.99,"None","","None","","None","None",0,62,6.1,5.1,6.76666666666667,25.3666666666667,0,3,0.1,0,0,1.83333333333333,NA,"Silty clay loam","Sandy","Moderate (18-24 inches)","6.0-7.0","Warm-season (Very Tender)","6.0","7.0","Low","Medium","-","-","-","High",NA,NA,NA,4,"Soil Texture does not match,This soil is more susceptible to erosion,This soil's organic matter percent could be an issue,This soil's topsoil may have been depleated"
"128","Squash","120B",409406,22073718,"Tama silty clay loam, 2 to 5 percent slopes","Mollisols","Tama",4,4,2,5,"","Rill erosion","Class 1",5,0.3725,48,2,"C",NA,"Well drained","Well drained",0.205,5.28,28.94,"None","","None","","None","None",0,95,6.075,5.1,7.1,23.7,0,3,0.1,0,0,2.75,NA,"Silty clay loam","Sandy","Moderate (18-24 inches)","6.0-7.0","Warm-season (Very Tender)","6.0","7.0","Low","Medium","-","-","-","High",NA,NA,NA,1,"Soil Texture does not match"
"129","Squash","120C2",409408,22074067,"Tama silty clay loam, 5 to 9 percent slopes, eroded","Inceptisols","Tama",7,7,5,9,"eroded","Rill erosion","Class 2",5,0.393333333333333,48,3,"C",NA,"Well drained","Well drained",0.196666666666667,5.06,28.21,"None","","None","","None","None",0,87,6.1,5.1,6.76666666666667,25.3666666666667,0,3,0.1,0,0,1.83333333333333,NA,"Silty clay loam","Sandy","Moderate (18-24 inches)","6.0-7.0","Warm-season (Very Tender)","6.0","7.0","Low","Medium","-","-","-","High",NA,NA,NA,4,"Soil Texture does not match,This soil is more susceptible to erosion,This soil's organic matter percent could be an issue,This soil's topsoil may have been depleated"
"130","Squash","11B",409404,22074291,"Colo-Ely complex, 0 to 5 percent slopes","Mollisols","Colo",1,2.4,0,2,"","Rill erosion","None - deposition",5,0.293333333333333,48,2,"C/D",NA,"Poorly drained","Poorly drained",0.163333333333333,4.2,26.11,"None","","None","","None","None",0,86,6.5,5.6,7.3,26,0,3,0.2,0,0,4,NA,"Silty clay loam","Sandy","Moderate (18-24 inches)","6.0-7.0","Warm-season (Very Tender)","6.0","7.0","Low","Medium","-","-","-","High",NA,NA,NA,2,"Soil Texture does not match,This soil's drainage may be limited"
"131","Squash","119",409403,22073927,"Muscatine silty clay loam, 0 to 2 percent slopes","Mollisols","Muscatine",1,1,0,2,"","Sheet erosion","Class 1",5,0.34,48,1,"C/D",NA,"Somewhat poorly drained","Somewhat poorly drained",0.223333333333333,5.74,28.97,"None","","None","","None","None",0,100,5.6,5.1,7.3,26,0,3,0.1,0,0,4.16666666666667,NA,"Silty clay loam","Sandy","Moderate (18-24 inches)","6.0-7.0","Warm-season (Very Tender)","6.0","7.0","Low","Medium","-","-","-","High",NA,NA,NA,2,"pH does not fit into range,Soil Texture does not match"
"132","Squash","11B",409404,22074290,"Colo-Ely complex, 0 to 5 percent slopes","Mollisols","Ely",4,2.4,2,5,"","Rill erosion","Class 1",5,0.32,48,2,"C/D",NA,"Somewhat poorly drained","Poorly drained",0.17,4.2,26.11,"None","","None","","None","None",0,86,6.5,5.6,7.3,23.75,0,3,0.2,0,0,4.25,NA,"Silty clay loam","Sandy","Moderate (18-24 inches)","6.0-7.0","Warm-season (Very Tender)","6.0","7.0","Low","Medium","-","-","-","High",NA,NA,NA,2,"Soil Texture does not match,This soil's drainage may be limited"
"133","Sweet Corn","120D2",409409,22074096,"Tama silty clay loam, 9 to 14 percent slopes, eroded","Inceptisols","Tama",12,11.6,9,14,"eroded","Rill erosion","Class 2",5,0.393333333333333,48,3,"C",NA,"Well drained","Well drained",0.196666666666667,5.02,27.99,"None","","None","","None","None",0,62,6.1,5.1,6.76666666666667,25.3666666666667,0,3,0.1,0,0,1.83333333333333,NA,"Silty clay loam","Clay","Moderate (18-24 inches)","5.5-7.0","Warm-season (Tender)","5.5","7.0","Medium","High","Medium","High","-","High",4,1,"May-August",4,"Soil Texture does not match,This soil is more susceptible to erosion,This soil's organic matter percent could be an issue,This soil's topsoil may have been depleated"
"134","Sweet Corn","120D2",409409,22074096,"Tama silty clay loam, 9 to 14 percent slopes, eroded","Inceptisols","Tama",12,11.6,9,14,"eroded","Rill erosion","Class 2",5,0.393333333333333,48,3,"C",NA,"Well drained","Well drained",0.196666666666667,5.02,27.99,"None","","None","","None","None",0,62,6.1,5.1,6.76666666666667,25.3666666666667,0,3,0.1,0,0,1.83333333333333,NA,"Silty clay loam","Clay","Moderate (18-24 inches)","5.5-7.0","Warm-season (Tender)","5.5","7.0","Medium","High","Medium","High","-","High",2,4,"May-September",4,"Soil Texture does not match,This soil is more susceptible to erosion,This soil's organic matter percent could be an issue,This soil's topsoil may have been depleated"
"135","Sweet Corn","11B",409404,22074291,"Colo-Ely complex, 0 to 5 percent slopes","Mollisols","Colo",1,2.4,0,2,"","Rill erosion","None - deposition",5,0.293333333333333,48,2,"C/D",NA,"Poorly drained","Poorly drained",0.163333333333333,4.2,26.11,"None","","None","","None","None",0,86,6.5,5.6,7.3,26,0,3,0.2,0,0,4,NA,"Silty clay loam","Clay","Moderate (18-24 inches)","5.5-7.0","Warm-season (Tender)","5.5","7.0","Medium","High","Medium","High","-","High",4,1,"May-August",2,"Soil Texture does not match,This soil's drainage may be limited"
"136","Sweet Corn","11B",409404,22074291,"Colo-Ely complex, 0 to 5 percent slopes","Mollisols","Colo",1,2.4,0,2,"","Rill erosion","None - deposition",5,0.293333333333333,48,2,"C/D",NA,"Poorly drained","Poorly drained",0.163333333333333,4.2,26.11,"None","","None","","None","None",0,86,6.5,5.6,7.3,26,0,3,0.2,0,0,4,NA,"Silty clay loam","Clay","Moderate (18-24 inches)","5.5-7.0","Warm-season (Tender)","5.5","7.0","Medium","High","Medium","High","-","High",2,4,"May-September",2,"Soil Texture does not match,This soil's drainage may be limited"
"137","Sweet Corn","120B",409406,22073718,"Tama silty clay loam, 2 to 5 percent slopes","Mollisols","Tama",4,4,2,5,"","Rill erosion","Class 1",5,0.3725,48,2,"C",NA,"Well drained","Well drained",0.205,5.28,28.94,"None","","None","","None","None",0,95,6.075,5.1,7.1,23.7,0,3,0.1,0,0,2.75,NA,"Silty clay loam","Clay","Moderate (18-24 inches)","5.5-7.0","Warm-season (Tender)","5.5","7.0","Medium","High","Medium","High","-","High",4,1,"May-August",1,"Soil Texture does not match"
"138","Sweet Corn","120B",409406,22073718,"Tama silty clay loam, 2 to 5 percent slopes","Mollisols","Tama",4,4,2,5,"","Rill erosion","Class 1",5,0.3725,48,2,"C",NA,"Well drained","Well drained",0.205,5.28,28.94,"None","","None","","None","None",0,95,6.075,5.1,7.1,23.7,0,3,0.1,0,0,2.75,NA,"Silty clay loam","Clay","Moderate (18-24 inches)","5.5-7.0","Warm-season (Tender)","5.5","7.0","Medium","High","Medium","High","-","High",2,4,"May-September",1,"Soil Texture does not match"
"139","Sweet Corn","11B",409404,22074290,"Colo-Ely complex, 0 to 5 percent slopes","Mollisols","Ely",4,2.4,2,5,"","Rill erosion","Class 1",5,0.32,48,2,"C/D",NA,"Somewhat poorly drained","Poorly drained",0.17,4.2,26.11,"None","","None","","None","None",0,86,6.5,5.6,7.3,23.75,0,3,0.2,0,0,4.25,NA,"Silty clay loam","Clay","Moderate (18-24 inches)","5.5-7.0","Warm-season (Tender)","5.5","7.0","Medium","High","Medium","High","-","High",4,1,"May-August",2,"Soil Texture does not match,This soil's drainage may be limited"
"140","Sweet Corn","11B",409404,22074290,"Colo-Ely complex, 0 to 5 percent slopes","Mollisols","Ely",4,2.4,2,5,"","Rill erosion","Class 1",5,0.32,48,2,"C/D",NA,"Somewhat poorly drained","Poorly drained",0.17,4.2,26.11,"None","","None","","None","None",0,86,6.5,5.6,7.3,23.75,0,3,0.2,0,0,4.25,NA,"Silty clay loam","Clay","Moderate (18-24 inches)","5.5-7.0","Warm-season (Tender)","5.5","7.0","Medium","High","Medium","High","-","High",2,4,"May-September",2,"Soil Texture does not match,This soil's drainage may be limited"
"141","Sweet Corn","120C2",409408,22074067,"Tama silty clay loam, 5 to 9 percent slopes, eroded","Inceptisols","Tama",7,7,5,9,"eroded","Rill erosion","Class 2",5,0.393333333333333,48,3,"C",NA,"Well drained","Well drained",0.196666666666667,5.06,28.21,"None","","None","","None","None",0,87,6.1,5.1,6.76666666666667,25.3666666666667,0,3,0.1,0,0,1.83333333333333,NA,"Silty clay loam","Clay","Moderate (18-24 inches)","5.5-7.0","Warm-season (Tender)","5.5","7.0","Medium","High","Medium","High","-","High",4,1,"May-August",4,"Soil Texture does not match,This soil is more susceptible to erosion,This soil's organic matter percent could be an issue,This soil's topsoil may have been depleated"
"142","Sweet Corn","120C2",409408,22074067,"Tama silty clay loam, 5 to 9 percent slopes, eroded","Inceptisols","Tama",7,7,5,9,"eroded","Rill erosion","Class 2",5,0.393333333333333,48,3,"C",NA,"Well drained","Well drained",0.196666666666667,5.06,28.21,"None","","None","","None","None",0,87,6.1,5.1,6.76666666666667,25.3666666666667,0,3,0.1,0,0,1.83333333333333,NA,"Silty clay loam","Clay","Moderate (18-24 inches)","5.5-7.0","Warm-season (Tender)","5.5","7.0","Medium","High","Medium","High","-","High",2,4,"May-September",4,"Soil Texture does not match,This soil is more susceptible to erosion,This soil's organic matter percent could be an issue,This soil's topsoil may have been depleated"
"143","Sweet Corn","119",409403,22073927,"Muscatine silty clay loam, 0 to 2 percent slopes","Mollisols","Muscatine",1,1,0,2,"","Sheet erosion","Class 1",5,0.34,48,1,"C/D",NA,"Somewhat poorly drained","Somewhat poorly drained",0.223333333333333,5.74,28.97,"None","","None","","None","None",0,100,5.6,5.1,7.3,26,0,3,0.1,0,0,4.16666666666667,NA,"Silty clay loam","Clay","Moderate (18-24 inches)","5.5-7.0","Warm-season (Tender)","5.5","7.0","Medium","High","Medium","High","-","High",4,1,"May-August",1,"Soil Texture does not match"
"144","Sweet Corn","119",409403,22073927,"Muscatine silty clay loam, 0 to 2 percent slopes","Mollisols","Muscatine",1,1,0,2,"","Sheet erosion","Class 1",5,0.34,48,1,"C/D",NA,"Somewhat poorly drained","Somewhat poorly drained",0.223333333333333,5.74,28.97,"None","","None","","None","None",0,100,5.6,5.1,7.3,26,0,3,0.1,0,0,4.16666666666667,NA,"Silty clay loam","Clay","Moderate (18-24 inches)","5.5-7.0","Warm-season (Tender)","5.5","7.0","Medium","High","Medium","High","-","High",2,4,"May-September",1,"Soil Texture does not match"
"145","Sweet Potato","119",409403,22073927,"Muscatine silty clay loam, 0 to 2 percent slopes","Mollisols","Muscatine",1,1,0,2,"","Sheet erosion","Class 1",5,0.3625,48,1,"C/D",NA,"Somewhat poorly drained","Somewhat poorly drained",0.2125,5.74,28.97,"None","","None","","None","None",0,100,5.7,5.1,7.3,26.025,0,3,0.1,0,0,3.375,NA,"Silty clay loam","Sandy loam","Deep (>36 inches)","5.0- 7.5","Cool-season (Semi-Hardy)*","5.0","7.5",NA,NA,NA,NA,NA,NA,1,3,"May-October",1,"Soil Texture does not match"
"146","Sweet Potato","119",409403,22073927,"Muscatine silty clay loam, 0 to 2 percent slopes","Mollisols","Muscatine",1,1,0,2,"","Sheet erosion","Class 1",5,0.3625,48,1,"C/D",NA,"Somewhat poorly drained","Somewhat poorly drained",0.2125,5.74,28.97,"None","","None","","None","None",0,100,5.7,5.1,7.3,26.025,0,3,0.1,0,0,3.375,NA,"Silty clay loam","Sandy loam","Deep (>36 inches)","5.0- 7.5","Cool-season (Semi-Hardy)*","5.0","7.5",NA,NA,NA,NA,NA,NA,5,2,"June-October",1,"Soil Texture does not match"
"147","Sweet Potato","120D2",409409,22074096,"Tama silty clay loam, 9 to 14 percent slopes, eroded","Inceptisols","Tama",12,11.6,9,14,"eroded","Rill erosion","Class 2",5,0.42,48,3,"C",NA,"Well drained","Well drained",0.192,5.02,27.99,"None","","None","","None","None",0,62,6.06,5.1,6.82,24.42,0,3,0.1,0,0,1.36,NA,"Silty clay loam","Sandy loam","Deep (>36 inches)","5.0- 7.5","Cool-season (Semi-Hardy)*","5.0","7.5",NA,NA,NA,NA,NA,NA,1,3,"May-October",4,"Soil Texture does not match,This soil is more susceptible to erosion,This soil's organic matter percent could be an issue,This soil's topsoil may have been depleated"
"148","Sweet Potato","120D2",409409,22074096,"Tama silty clay loam, 9 to 14 percent slopes, eroded","Inceptisols","Tama",12,11.6,9,14,"eroded","Rill erosion","Class 2",5,0.42,48,3,"C",NA,"Well drained","Well drained",0.192,5.02,27.99,"None","","None","","None","None",0,62,6.06,5.1,6.82,24.42,0,3,0.1,0,0,1.36,NA,"Silty clay loam","Sandy loam","Deep (>36 inches)","5.0- 7.5","Cool-season (Semi-Hardy)*","5.0","7.5",NA,NA,NA,NA,NA,NA,5,2,"June-October",4,"Soil Texture does not match,This soil is more susceptible to erosion,This soil's organic matter percent could be an issue,This soil's topsoil may have been depleated"
"149","Sweet Potato","120B",409406,22073718,"Tama silty clay loam, 2 to 5 percent slopes","Mollisols","Tama",4,4,2,5,"","Rill erosion","Class 1",5,0.391666666666667,48,2,"C",NA,"Well drained","Well drained",0.2,5.28,28.94,"None","","None","","None","None",0,95,6.01666666666667,5.1,6.9,24.25,0,3,0.1,0,0,2.16666666666667,NA,"Silty clay loam","Sandy loam","Deep (>36 inches)","5.0- 7.5","Cool-season (Semi-Hardy)*","5.0","7.5",NA,NA,NA,NA,NA,NA,1,3,"May-October",2,"Soil Texture does not match,This soil is more susceptible to erosion"
"150","Sweet Potato","120B",409406,22073718,"Tama silty clay loam, 2 to 5 percent slopes","Mollisols","Tama",4,4,2,5,"","Rill erosion","Class 1",5,0.391666666666667,48,2,"C",NA,"Well drained","Well drained",0.2,5.28,28.94,"None","","None","","None","None",0,95,6.01666666666667,5.1,6.9,24.25,0,3,0.1,0,0,2.16666666666667,NA,"Silty clay loam","Sandy loam","Deep (>36 inches)","5.0- 7.5","Cool-season (Semi-Hardy)*","5.0","7.5",NA,NA,NA,NA,NA,NA,5,2,"June-October",2,"Soil Texture does not match,This soil is more susceptible to erosion"
"151","Sweet Potato","11B",409404,22074290,"Colo-Ely complex, 0 to 5 percent slopes","Mollisols","Ely",4,2.4,2,5,"","Rill erosion","Class 1",5,0.36,48,2,"C/D",NA,"Somewhat poorly drained","Poorly drained",0.1725,4.2,26.11,"None","","None","","None","None",0,86,6.55,5.6,7.3,24.3,0,3,0.2,0,0,3.5,NA,"Silty clay loam","Sandy loam","Deep (>36 inches)","5.0- 7.5","Cool-season (Semi-Hardy)*","5.0","7.5",NA,NA,NA,NA,NA,NA,1,3,"May-October",2,"Soil Texture does not match,This soil's drainage may be limited"
"152","Sweet Potato","11B",409404,22074290,"Colo-Ely complex, 0 to 5 percent slopes","Mollisols","Ely",4,2.4,2,5,"","Rill erosion","Class 1",5,0.36,48,2,"C/D",NA,"Somewhat poorly drained","Poorly drained",0.1725,4.2,26.11,"None","","None","","None","None",0,86,6.55,5.6,7.3,24.3,0,3,0.2,0,0,3.5,NA,"Silty clay loam","Sandy loam","Deep (>36 inches)","5.0- 7.5","Cool-season (Semi-Hardy)*","5.0","7.5",NA,NA,NA,NA,NA,NA,5,2,"June-October",2,"Soil Texture does not match,This soil's drainage may be limited"
"153","Sweet Potato","120C2",409408,22074067,"Tama silty clay loam, 5 to 9 percent slopes, eroded","Inceptisols","Tama",7,7,5,9,"eroded","Rill erosion","Class 2",5,0.42,48,3,"C",NA,"Well drained","Well drained",0.192,5.06,28.21,"None","","None","","None","None",0,87,6.06,5.1,6.82,24.42,0,3,0.1,0,0,1.36,NA,"Silty clay loam","Sandy loam","Deep (>36 inches)","5.0- 7.5","Cool-season (Semi-Hardy)*","5.0","7.5",NA,NA,NA,NA,NA,NA,1,3,"May-October",4,"Soil Texture does not match,This soil is more susceptible to erosion,This soil's organic matter percent could be an issue,This soil's topsoil may have been depleated"
"154","Sweet Potato","120C2",409408,22074067,"Tama silty clay loam, 5 to 9 percent slopes, eroded","Inceptisols","Tama",7,7,5,9,"eroded","Rill erosion","Class 2",5,0.42,48,3,"C",NA,"Well drained","Well drained",0.192,5.06,28.21,"None","","None","","None","None",0,87,6.06,5.1,6.82,24.42,0,3,0.1,0,0,1.36,NA,"Silty clay loam","Sandy loam","Deep (>36 inches)","5.0- 7.5","Cool-season (Semi-Hardy)*","5.0","7.5",NA,NA,NA,NA,NA,NA,5,2,"June-October",4,"Soil Texture does not match,This soil is more susceptible to erosion,This soil's organic matter percent could be an issue,This soil's topsoil may have been depleated"
"155","Sweet Potato","11B",409404,22074291,"Colo-Ely complex, 0 to 5 percent slopes","Mollisols","Colo",1,2.4,0,2,"","Rill erosion","None - deposition",5,0.3,48,2,"C/D",NA,"Poorly drained","Poorly drained",0.1625,4.2,26.11,"None","","None","","None","None",0,86,6.5,5.6,7.3,26.35,0,3,0.2,0,0,3.875,NA,"Silty clay loam","Sandy loam","Deep (>36 inches)","5.0- 7.5","Cool-season (Semi-Hardy)*","5.0","7.5",NA,NA,NA,NA,NA,NA,1,3,"May-October",2,"Soil Texture does not match,This soil's drainage may be limited"
"156","Sweet Potato","11B",409404,22074291,"Colo-Ely complex, 0 to 5 percent slopes","Mollisols","Colo",1,2.4,0,2,"","Rill erosion","None - deposition",5,0.3,48,2,"C/D",NA,"Poorly drained","Poorly drained",0.1625,4.2,26.11,"None","","None","","None","None",0,86,6.5,5.6,7.3,26.35,0,3,0.2,0,0,3.875,NA,"Silty clay loam","Sandy loam","Deep (>36 inches)","5.0- 7.5","Cool-season (Semi-Hardy)*","5.0","7.5",NA,NA,NA,NA,NA,NA,5,2,"June-October",2,"Soil Texture does not match,This soil's drainage may be limited"
"157","Tomato","120B",409406,22073718,"Tama silty clay loam, 2 to 5 percent slopes","Mollisols","Tama",4,4,2,5,"","Rill erosion","Class 1",5,0.3725,48,2,"C",NA,"Well drained","Well drained",0.205,5.28,28.94,"None","","None","","None","None",0,95,6.075,5.1,7.1,23.7,0,3,0.1,0,0,2.75,NA,"Silty clay loam","Loam","Moderate (18-24 inches)","5.5-7.5","Warm-season (Tender)","5.5","7.5",NA,NA,NA,NA,NA,NA,2,2,"May-September",1,"Soil Texture does not match"
"158","Tomato","120C2",409408,22074067,"Tama silty clay loam, 5 to 9 percent slopes, eroded","Inceptisols","Tama",7,7,5,9,"eroded","Rill erosion","Class 2",5,0.393333333333333,48,3,"C",NA,"Well drained","Well drained",0.196666666666667,5.06,28.21,"None","","None","","None","None",0,87,6.1,5.1,6.76666666666667,25.3666666666667,0,3,0.1,0,0,1.83333333333333,NA,"Silty clay loam","Loam","Moderate (18-24 inches)","5.5-7.5","Warm-season (Tender)","5.5","7.5",NA,NA,NA,NA,NA,NA,2,2,"May-September",4,"Soil Texture does not match,This soil is more susceptible to erosion,This soil's organic matter percent could be an issue,This soil's topsoil may have been depleated"
"159","Tomato","120D2",409409,22074096,"Tama silty clay loam, 9 to 14 percent slopes, eroded","Inceptisols","Tama",12,11.6,9,14,"eroded","Rill erosion","Class 2",5,0.393333333333333,48,3,"C",NA,"Well drained","Well drained",0.196666666666667,5.02,27.99,"None","","None","","None","None",0,62,6.1,5.1,6.76666666666667,25.3666666666667,0,3,0.1,0,0,1.83333333333333,NA,"Silty clay loam","Loam","Moderate (18-24 inches)","5.5-7.5","Warm-season (Tender)","5.5","7.5",NA,NA,NA,NA,NA,NA,2,2,"May-September",4,"Soil Texture does not match,This soil is more susceptible to erosion,This soil's organic matter percent could be an issue,This soil's topsoil may have been depleated"
"160","Tomato","11B",409404,22074291,"Colo-Ely complex, 0 to 5 percent slopes","Mollisols","Colo",1,2.4,0,2,"","Rill erosion","None - deposition",5,0.293333333333333,48,2,"C/D",NA,"Poorly drained","Poorly drained",0.163333333333333,4.2,26.11,"None","","None","","None","None",0,86,6.5,5.6,7.3,26,0,3,0.2,0,0,4,NA,"Silty clay loam","Loam","Moderate (18-24 inches)","5.5-7.5","Warm-season (Tender)","5.5","7.5",NA,NA,NA,NA,NA,NA,2,2,"May-September",2,"Soil Texture does not match,This soil's drainage may be limited"
"161","Tomato","11B",409404,22074290,"Colo-Ely complex, 0 to 5 percent slopes","Mollisols","Ely",4,2.4,2,5,"","Rill erosion","Class 1",5,0.32,48,2,"C/D",NA,"Somewhat poorly drained","Poorly drained",0.17,4.2,26.11,"None","","None","","None","None",0,86,6.5,5.6,7.3,23.75,0,3,0.2,0,0,4.25,NA,"Silty clay loam","Loam","Moderate (18-24 inches)","5.5-7.5","Warm-season (Tender)","5.5","7.5",NA,NA,NA,NA,NA,NA,2,2,"May-September",2,"Soil Texture does not match,This soil's drainage may be limited"
"162","Tomato","119",409403,22073927,"Muscatine silty clay loam, 0 to 2 percent slopes","Mollisols","Muscatine",1,1,0,2,"","Sheet erosion","Class 1",5,0.34,48,1,"C/D",NA,"Somewhat poorly drained","Somewhat poorly drained",0.223333333333333,5.74,28.97,"None","","None","","None","None",0,100,5.6,5.1,7.3,26,0,3,0.1,0,0,4.16666666666667,NA,"Silty clay loam","Loam","Moderate (18-24 inches)","5.5-7.5","Warm-season (Tender)","5.5","7.5",NA,NA,NA,NA,NA,NA,2,2,"May-September",1,"Soil Texture does not match"
"163","Watermelon","120B",409406,22073718,"Tama silty clay loam, 2 to 5 percent slopes","Mollisols","Tama",4,4,2,5,"","Rill erosion","Class 1",5,0.391666666666667,48,2,"C",NA,"Well drained","Well drained",0.2,5.28,28.94,"None","","None","","None","None",0,95,6.01666666666667,5.1,6.9,24.25,0,3,0.1,0,0,2.16666666666667,NA,"Silty clay loam","Sandy loam","Deep (>36 inches)","6.0-6.5","Warm-season (Very Tender)","6.0","6.5","Medium","Medium","Low","Low","-","Medium",NA,NA,NA,2,"Soil Texture does not match,This soil is more susceptible to erosion"
"164","Watermelon","120C2",409408,22074067,"Tama silty clay loam, 5 to 9 percent slopes, eroded","Inceptisols","Tama",7,7,5,9,"eroded","Rill erosion","Class 2",5,0.42,48,3,"C",NA,"Well drained","Well drained",0.192,5.06,28.21,"None","","None","","None","None",0,87,6.06,5.1,6.82,24.42,0,3,0.1,0,0,1.36,NA,"Silty clay loam","Sandy loam","Deep (>36 inches)","6.0-6.5","Warm-season (Very Tender)","6.0","6.5","Medium","Medium","Low","Low","-","Medium",NA,NA,NA,4,"Soil Texture does not match,This soil is more susceptible to erosion,This soil's organic matter percent could be an issue,This soil's topsoil may have been depleated"
"165","Watermelon","11B",409404,22074290,"Colo-Ely complex, 0 to 5 percent slopes","Mollisols","Ely",4,2.4,2,5,"","Rill erosion","Class 1",5,0.36,48,2,"C/D",NA,"Somewhat poorly drained","Poorly drained",0.1725,4.2,26.11,"None","","None","","None","None",0,86,6.55,5.6,7.3,24.3,0,3,0.2,0,0,3.5,NA,"Silty clay loam","Sandy loam","Deep (>36 inches)","6.0-6.5","Warm-season (Very Tender)","6.0","6.5","Medium","Medium","Low","Low","-","Medium",NA,NA,NA,3,"pH does not fit into range,Soil Texture does not match,This soil's drainage may be limited"
"166","Watermelon","11B",409404,22074291,"Colo-Ely complex, 0 to 5 percent slopes","Mollisols","Colo",1,2.4,0,2,"","Rill erosion","None - deposition",5,0.3,48,2,"C/D",NA,"Poorly drained","Poorly drained",0.1625,4.2,26.11,"None","","None","","None","None",0,86,6.5,5.6,7.3,26.35,0,3,0.2,0,0,3.875,NA,"Silty clay loam","Sandy loam","Deep (>36 inches)","6.0-6.5","Warm-season (Very Tender)","6.0","6.5","Medium","Medium","Low","Low","-","Medium",NA,NA,NA,2,"Soil Texture does not match,This soil's drainage may be limited"
"167","Watermelon","119",409403,22073927,"Muscatine silty clay loam, 0 to 2 percent slopes","Mollisols","Muscatine",1,1,0,2,"","Sheet erosion","Class 1",5,0.3625,48,1,"C/D",NA,"Somewhat poorly drained","Somewhat poorly drained",0.2125,5.74,28.97,"None","","None","","None","None",0,100,5.7,5.1,7.3,26.025,0,3,0.1,0,0,3.375,NA,"Silty clay loam","Sandy loam","Deep (>36 inches)","6.0-6.5","Warm-season (Very Tender)","6.0","6.5","Medium","Medium","Low","Low","-","Medium",NA,NA,NA,2,"pH does not fit into range,Soil Texture does not match"
"168","Watermelon","120D2",409409,22074096,"Tama silty clay loam, 9 to 14 percent slopes, eroded","Inceptisols","Tama",12,11.6,9,14,"eroded","Rill erosion","Class 2",5,0.42,48,3,"C",NA,"Well drained","Well drained",0.192,5.02,27.99,"None","","None","","None","None",0,62,6.06,5.1,6.82,24.42,0,3,0.1,0,0,1.36,NA,"Silty clay loam","Sandy loam","Deep (>36 inches)","6.0-6.5","Warm-season (Very Tender)","6.0","6.5","Medium","Medium","Low","Low","-","Medium",NA,NA,NA,4,"Soil Texture does not match,This soil is more susceptible to erosion,This soil's organic matter percent could be an issue,This soil's topsoil may have been depleated"
