plantsym,plantsciname,plantcomname,cokey,cotreestomngkey
ABCO,Abies concolor,white fir,22087287,37182338
ACSA2,Acer saccharinum,silver maple,22087287,37182339
ACSA3,Acer saccharum,sugar maple,22087287,37182340
CARYA,Carya,hickory,22087287,37182341
CEOC,Celtis occidentalis,common hackberry,22087287,37182342
FRAM2,Fraxinus americana,white ash,22087287,37182343
FRNI,Fraxinus nigra,black ash,22087287,37182344
FRPE,Fraxinus pennsylvanica,green ash,22087287,37182345
JUNI,Juglans nigra,black walnut,22087287,37182346
PIAB,Picea abies,Norway spruce,22087287,37182347
PIBA2,Pinus banksiana,jack pine,22087287,37182348
PIGL,Picea glauca,white spruce,22087287,37182349
PIPU,Picea pungens,blue spruce,22087287,37182350
PIRE,Pinus resinosa,red pine,22087287,37182351
PIST,Pinus strobus,eastern white pine,22087287,37182352
POPUL,Populus,cottonwood,22087287,37182353
PRSE2,Prunus serotina,black cherry,22087287,37182354
QUAL,Quercus alba,white oak,22087287,37182355
QUBI,Quercus bicolor,swamp white oak,22087287,37182356
QUMA2,Quercus macrocarpa,bur oak,22087287,37182357
QUMU,Quercus muehlenbergii,chinkapin oak,22087287,37182358
QURU,Quercus rubra,northern red oak,22087287,37182359
QUVE,Quercus velutina,black oak,22087287,37182360
THOC2,Thuja occidentalis,arborvitae,22087287,37182361
PIGL,Picea glauca,white spruce,22087288,37182362
PIPU,Picea pungens,blue spruce,22087288,37182363
PIRE,Pinus resinosa,red pine,22087288,37182364
PIST,Pinus strobus,eastern white pine,22087288,37182365
POPUL,Populus,cottonwood,22087288,37182366
PRSE2,Prunus serotina,black cherry,22087288,37182367
QUAL,Quercus alba,white oak,22087288,37182368
QUBI,Quercus bicolor,swamp white oak,22087288,37182369
QUMA2,Quercus macrocarpa,bur oak,22087288,37182370
QUMU,Quercus muehlenbergii,chinkapin oak,22087288,37182371
QURU,Quercus rubra,northern red oak,22087288,37182372
QUVE,Quercus velutina,black oak,22087288,37182373
THOC2,Thuja occidentalis,arborvitae,22087288,37182374
ABCO,Abies concolor,white fir,22087288,37182375
ACSA2,Acer saccharinum,silver maple,22087288,37182376
ACSA3,Acer saccharum,sugar maple,22087288,37182377
CARYA,Carya,hickory,22087288,37182378
CEOC,Celtis occidentalis,common hackberry,22087288,37182379
FRAM2,Fraxinus americana,white ash,22087288,37182380
FRNI,Fraxinus nigra,black ash,22087288,37182381
FRPE,Fraxinus pennsylvanica,green ash,22087288,37182382
JUNI,Juglans nigra,black walnut,22087288,37182383
PIAB,Picea abies,Norway spruce,22087288,37182384
PIBA2,Pinus banksiana,jack pine,22087288,37182385
ABCO,Abies concolor,white fir,22087289,37184359
ACSA2,Acer saccharinum,silver maple,22087289,37184360
ACSA3,Acer saccharum,sugar maple,22087289,37184361
CARYA,Carya,hickory,22087289,37184362
CEOC,Celtis occidentalis,common hackberry,22087289,37184363
FRAM2,Fraxinus americana,white ash,22087289,37184364
FRNI,Fraxinus nigra,black ash,22087289,37184365
FRPE,Fraxinus pennsylvanica,green ash,22087289,37184366
JUNI,Juglans nigra,black walnut,22087289,37184367
PIAB,Picea abies,Norway spruce,22087289,37184368
PIBA2,Pinus banksiana,jack pine,22087289,37184369
PIGL,Picea glauca,white spruce,22087289,37184370
PIPU,Picea pungens,blue spruce,22087289,37184371
PIRE,Pinus resinosa,red pine,22087289,37184372
PIST,Pinus strobus,eastern white pine,22087289,37184373
POPUL,Populus,cottonwood,22087289,37184374
PRSE2,Prunus serotina,black cherry,22087289,37184375
QUAL,Quercus alba,white oak,22087289,37184376
QUBI,Quercus bicolor,swamp white oak,22087289,37184377
QUMA2,Quercus macrocarpa,bur oak,22087289,37184378
QUMU,Quercus muehlenbergii,chinkapin oak,22087289,37184379
QURU,Quercus rubra,northern red oak,22087289,37184380
QUVE,Quercus velutina,black oak,22087289,37184381
THOC2,Thuja occidentalis,arborvitae,22087289,37184382
ABCO,Abies concolor,white fir,22087290,37184383
ACSA2,Acer saccharinum,silver maple,22087290,37184384
ACSA3,Acer saccharum,sugar maple,22087290,37184385
CARYA,Carya,hickory,22087290,37184386
CEOC,Celtis occidentalis,common hackberry,22087290,37184387
FRAM2,Fraxinus americana,white ash,22087290,37184388
FRNI,Fraxinus nigra,black ash,22087290,37184389
FRPE,Fraxinus pennsylvanica,green ash,22087290,37184390
JUNI,Juglans nigra,black walnut,22087290,37184391
PIAB,Picea abies,Norway spruce,22087290,37184392
PIBA2,Pinus banksiana,jack pine,22087290,37184393
PIGL,Picea glauca,white spruce,22087290,37184394
PIPU,Picea pungens,blue spruce,22087290,37184395
PIRE,Pinus resinosa,red pine,22087290,37184396
PIST,Pinus strobus,eastern white pine,22087290,37184397
POPUL,Populus,cottonwood,22087290,37184398
QUAL,Quercus alba,white oak,22087290,37184399
QUBI,Quercus bicolor,swamp white oak,22087290,37184400
QUMA2,Quercus macrocarpa,bur oak,22087290,37184401
QUPA2,Quercus palustris,pin oak,22087290,37184402
QURU,Quercus rubra,northern red oak,22087290,37184403
THOC2,Thuja occidentalis,arborvitae,22087290,37184404
THUJA,Thuja,red cedar,22087290,37184405
TILIA,Tilia,basswood,22087290,37184406
ABCO,Abies concolor,white fir,22087291,37182386
ACSA2,Acer saccharinum,silver maple,22087291,37182387
ACSA3,Acer saccharum,sugar maple,22087291,37182388
CARYA,Carya,hickory,22087291,37182389
CEOC,Celtis occidentalis,common hackberry,22087291,37182390
FRAM2,Fraxinus americana,white ash,22087291,37182391
FRNI,Fraxinus nigra,black ash,22087291,37182392
FRPE,Fraxinus pennsylvanica,green ash,22087291,37182393
JUNI,Juglans nigra,black walnut,22087291,37182394
PIAB,Picea abies,Norway spruce,22087291,37182395
PIBA2,Pinus banksiana,jack pine,22087291,37182396
PIGL,Picea glauca,white spruce,22087291,37182397
PIPU,Picea pungens,blue spruce,22087291,37182398
PIRE,Pinus resinosa,red pine,22087291,37182399
PIST,Pinus strobus,eastern white pine,22087291,37182400
POPUL,Populus,cottonwood,22087291,37182401
PRSE2,Prunus serotina,black cherry,22087291,37182402
QUAL,Quercus alba,white oak,22087291,37182403
QUBI,Quercus bicolor,swamp white oak,22087291,37182404
QUMA2,Quercus macrocarpa,bur oak,22087291,37182405
QUMU,Quercus muehlenbergii,chinkapin oak,22087291,37182406
QURU,Quercus rubra,northern red oak,22087291,37182407
QUVE,Quercus velutina,black oak,22087291,37182408
THOC2,Thuja occidentalis,arborvitae,22087291,37182409
ACSA2,Acer saccharinum,silver maple,22087292,37182410
ACSA3,Acer saccharum,sugar maple,22087292,37182411
BENI,Betula nigra,river birch,22087292,37182412
CARYA,Carya,hickory,22087292,37182413
CEOC,Celtis occidentalis,common hackberry,22087292,37182414
FRNI,Fraxinus nigra,black ash,22087292,37182415
FRPE,Fraxinus pennsylvanica,green ash,22087292,37182416
JUNI,Juglans nigra,black walnut,22087292,37182417
PLOC,Platanus occidentalis,American sycamore,22087292,37182418
POPUL,Populus,cottonwood,22087292,37182419
QUBI,Quercus bicolor,swamp white oak,22087292,37182420
QUMA2,Quercus macrocarpa,bur oak,22087292,37182421
QUPA2,Quercus palustris,pin oak,22087292,37182422
SALIX,Salix,willow,22087292,37182423
THUJA,Thuja,red cedar,22087292,37182424
ABCO,Abies concolor,white fir,22087244,37182554
ACSA2,Acer saccharinum,silver maple,22087244,37182555
ACSA3,Acer saccharum,sugar maple,22087244,37182556
CARYA,Carya,hickory,22087244,37182557
CEOC,Celtis occidentalis,common hackberry,22087244,37182558
FRAM2,Fraxinus americana,white ash,22087244,37182559
FRNI,Fraxinus nigra,black ash,22087244,37182560
FRPE,Fraxinus pennsylvanica,green ash,22087244,37182561
JUNI,Juglans nigra,black walnut,22087244,37182562
PIAB,Picea abies,Norway spruce,22087244,37182563
PIBA2,Pinus banksiana,jack pine,22087244,37182564
PIGL,Picea glauca,white spruce,22087244,37182565
PIPU,Picea pungens,blue spruce,22087244,37182566
PIRE,Pinus resinosa,red pine,22087244,37182567
PIST,Pinus strobus,eastern white pine,22087244,37182568
POPUL,Populus,cottonwood,22087244,37182569
PRSE2,Prunus serotina,black cherry,22087244,37182570
QUAL,Quercus alba,white oak,22087244,37182571
QUBI,Quercus bicolor,swamp white oak,22087244,37182572
QUMA2,Quercus macrocarpa,bur oak,22087244,37182573
QUMU,Quercus muehlenbergii,chinkapin oak,22087244,37182574
QURU,Quercus rubra,northern red oak,22087244,37182575
QUVE,Quercus velutina,black oak,22087244,37182576
THOC2,Thuja occidentalis,arborvitae,22087244,37182577
ACSA2,Acer saccharinum,silver maple,22087253,37182857
BENI,Betula nigra,river birch,22087253,37182858
CARYA,Carya,hickory,22087253,37182859
CEOC,Celtis occidentalis,common hackberry,22087253,37182860
FRPE,Fraxinus pennsylvanica,green ash,22087253,37182861
PLOC,Platanus occidentalis,American sycamore,22087253,37182862
POPUL,Populus,cottonwood,22087253,37182863
QUBI,Quercus bicolor,swamp white oak,22087253,37182864
QUMA2,Quercus macrocarpa,bur oak,22087253,37182865
QUPA2,Quercus palustris,pin oak,22087253,37182866
SALIX,Salix,willow,22087253,37182867
ACSA2,Acer saccharinum,silver maple,22087254,37182868
BENI,Betula nigra,river birch,22087254,37182869
CARYA,Carya,hickory,22087254,37182870
CEOC,Celtis occidentalis,common hackberry,22087254,37182871
FRPE,Fraxinus pennsylvanica,green ash,22087254,37182872
PLOC,Platanus occidentalis,American sycamore,22087254,37182873
POPUL,Populus,cottonwood,22087254,37182874
QUBI,Quercus bicolor,swamp white oak,22087254,37182875
QUMA2,Quercus macrocarpa,bur oak,22087254,37182876
QUPA2,Quercus palustris,pin oak,22087254,37182877
SALIX,Salix,willow,22087254,37182878
ACSA2,Acer saccharinum,silver maple,22087255,37182879
ACSA3,Acer saccharum,sugar maple,22087255,37182880
BENI,Betula nigra,river birch,22087255,37182881
CARYA,Carya,hickory,22087255,37182882
CEOC,Celtis occidentalis,common hackberry,22087255,37182883
FRNI,Fraxinus nigra,black ash,22087255,37182884
FRPE,Fraxinus pennsylvanica,green ash,22087255,37182885
JUNI,Juglans nigra,black walnut,22087255,37182886
PLOC,Platanus occidentalis,American sycamore,22087255,37182887
POPUL,Populus,cottonwood,22087255,37182888
QUBI,Quercus bicolor,swamp white oak,22087255,37182889
QUMA2,Quercus macrocarpa,bur oak,22087255,37182890
QUPA2,Quercus palustris,pin oak,22087255,37182891
SALIX,Salix,willow,22087255,37182892
THUJA,Thuja,red cedar,22087255,37182893
ABCO,Abies concolor,white fir,22087317,37182894
ACSA2,Acer saccharinum,silver maple,22087317,37182895
ACSA3,Acer saccharum,sugar maple,22087317,37182896
CARYA,Carya,hickory,22087317,37182897
CEOC,Celtis occidentalis,common hackberry,22087317,37182898
FRAM2,Fraxinus americana,white ash,22087317,37182899
FRNI,Fraxinus nigra,black ash,22087317,37182900
FRPE,Fraxinus pennsylvanica,green ash,22087317,37182901
JUNI,Juglans nigra,black walnut,22087317,37182902
PIAB,Picea abies,Norway spruce,22087317,37182903
PIBA2,Pinus banksiana,jack pine,22087317,37182904
PIGL,Picea glauca,white spruce,22087317,37182905
PIPU,Picea pungens,blue spruce,22087317,37182906
PIRE,Pinus resinosa,red pine,22087317,37182907
PIST,Pinus strobus,eastern white pine,22087317,37182908
POPUL,Populus,cottonwood,22087317,37182909
PRSE2,Prunus serotina,black cherry,22087317,37182910
QUAL,Quercus alba,white oak,22087317,37182911
QUBI,Quercus bicolor,swamp white oak,22087317,37182912
QUMA2,Quercus macrocarpa,bur oak,22087317,37182913
QUMU,Quercus muehlenbergii,chinkapin oak,22087317,37182914
QURU,Quercus rubra,northern red oak,22087317,37182915
QUVE,Quercus velutina,black oak,22087317,37182916
THOC2,Thuja occidentalis,arborvitae,22087317,37182917
ABCO,Abies concolor,white fir,22087320,37184563
ACSA2,Acer saccharinum,silver maple,22087320,37184564
ACSA3,Acer saccharum,sugar maple,22087320,37184565
CARYA,Carya,hickory,22087320,37184566
CEOC,Celtis occidentalis,common hackberry,22087320,37184567
FRAM2,Fraxinus americana,white ash,22087320,37184568
FRNI,Fraxinus nigra,black ash,22087320,37184569
FRPE,Fraxinus pennsylvanica,green ash,22087320,37184570
JUNI,Juglans nigra,black walnut,22087320,37184571
PIAB,Picea abies,Norway spruce,22087320,37184572
PIBA2,Pinus banksiana,jack pine,22087320,37184573
PIGL,Picea glauca,white spruce,22087320,37184574
PIPU,Picea pungens,blue spruce,22087320,37184575
PIRE,Pinus resinosa,red pine,22087320,37184576
PIST,Pinus strobus,eastern white pine,22087320,37184577
POPUL,Populus,cottonwood,22087320,37184578
PRSE2,Prunus serotina,black cherry,22087320,37184579
QUAL,Quercus alba,white oak,22087320,37184580
QUBI,Quercus bicolor,swamp white oak,22087320,37184581
QUMA2,Quercus macrocarpa,bur oak,22087320,37184582
QUMU,Quercus muehlenbergii,chinkapin oak,22087320,37184583
QURU,Quercus rubra,northern red oak,22087320,37184584
QUVE,Quercus velutina,black oak,22087320,37184585
THOC2,Thuja occidentalis,arborvitae,22087320,37184586
ABCO,Abies concolor,white fir,22087321,37182940
ACSA2,Acer saccharinum,silver maple,22087321,37182941
ACSA3,Acer saccharum,sugar maple,22087321,37182942
CARYA,Carya,hickory,22087321,37182943
CEOC,Celtis occidentalis,common hackberry,22087321,37182944
FRAM2,Fraxinus americana,white ash,22087321,37182945
FRNI,Fraxinus nigra,black ash,22087321,37182946
FRPE,Fraxinus pennsylvanica,green ash,22087321,37182947
JUNI,Juglans nigra,black walnut,22087321,37182948
PIAB,Picea abies,Norway spruce,22087321,37182949
PIBA2,Pinus banksiana,jack pine,22087321,37182950
PIGL,Picea glauca,white spruce,22087321,37182951
PIPU,Picea pungens,blue spruce,22087321,37182952
PIRE,Pinus resinosa,red pine,22087321,37182953
PIST,Pinus strobus,eastern white pine,22087321,37182954
POPUL,Populus,cottonwood,22087321,37182955
PRSE2,Prunus serotina,black cherry,22087321,37182956
QUAL,Quercus alba,white oak,22087321,37182957
QUBI,Quercus bicolor,swamp white oak,22087321,37182958
QUMA2,Quercus macrocarpa,bur oak,22087321,37182959
QUMU,Quercus muehlenbergii,chinkapin oak,22087321,37182960
QURU,Quercus rubra,northern red oak,22087321,37182961
QUVE,Quercus velutina,black oak,22087321,37182962
THOC2,Thuja occidentalis,arborvitae,22087321,37182963
ACSA2,Acer saccharinum,silver maple,22087322,37182964
BENI,Betula nigra,river birch,22087322,37182965
CARYA,Carya,hickory,22087322,37182966
CEOC,Celtis occidentalis,common hackberry,22087322,37182967
FRPE,Fraxinus pennsylvanica,green ash,22087322,37182968
PLOC,Platanus occidentalis,American sycamore,22087322,37182969
POPUL,Populus,cottonwood,22087322,37182970
QUBI,Quercus bicolor,swamp white oak,22087322,37182971
QUMA2,Quercus macrocarpa,bur oak,22087322,37182972
QUPA2,Quercus palustris,pin oak,22087322,37182973
SALIX,Salix,willow,22087322,37182974
ABCO,Abies concolor,white fir,22087323,37182975
ACSA2,Acer saccharinum,silver maple,22087323,37182976
ACSA3,Acer saccharum,sugar maple,22087323,37182977
CARYA,Carya,hickory,22087323,37182978
CEOC,Celtis occidentalis,common hackberry,22087323,37182979
FRAM2,Fraxinus americana,white ash,22087323,37182980
FRNI,Fraxinus nigra,black ash,22087323,37182981
FRPE,Fraxinus pennsylvanica,green ash,22087323,37182982
JUNI,Juglans nigra,black walnut,22087323,37182983
PIAB,Picea abies,Norway spruce,22087323,37182984
PIBA2,Pinus banksiana,jack pine,22087323,37182985
PIGL,Picea glauca,white spruce,22087323,37182986
PIPU,Picea pungens,blue spruce,22087323,37182987
PIRE,Pinus resinosa,red pine,22087323,37182988
PIST,Pinus strobus,eastern white pine,22087323,37182989
POPUL,Populus,cottonwood,22087323,37182990
PRSE2,Prunus serotina,black cherry,22087323,37182991
QUAL,Quercus alba,white oak,22087323,37182992
QUBI,Quercus bicolor,swamp white oak,22087323,37182993
QUMA2,Quercus macrocarpa,bur oak,22087323,37182994
QUMU,Quercus muehlenbergii,chinkapin oak,22087323,37182995
QURU,Quercus rubra,northern red oak,22087323,37182996
QUVE,Quercus velutina,black oak,22087323,37182997
THOC2,Thuja occidentalis,arborvitae,22087323,37182998
ACSA2,Acer saccharinum,silver maple,22087324,37182999
ACSA3,Acer saccharum,sugar maple,22087324,37183000
BENI,Betula nigra,river birch,22087324,37183001
CARYA,Carya,hickory,22087324,37183002
CEOC,Celtis occidentalis,common hackberry,22087324,37183003
FRNI,Fraxinus nigra,black ash,22087324,37183004
FRPE,Fraxinus pennsylvanica,green ash,22087324,37183005
JUNI,Juglans nigra,black walnut,22087324,37183006
PLOC,Platanus occidentalis,American sycamore,22087324,37183007
POPUL,Populus,cottonwood,22087324,37183008
QUBI,Quercus bicolor,swamp white oak,22087324,37183009
QUMA2,Quercus macrocarpa,bur oak,22087324,37183010
QUPA2,Quercus palustris,pin oak,22087324,37183011
SALIX,Salix,willow,22087324,37183012
THUJA,Thuja,red cedar,22087324,37183013
ABCO,Abies concolor,white fir,22087325,37183014
ACSA2,Acer saccharinum,silver maple,22087325,37183015
ACSA3,Acer saccharum,sugar maple,22087325,37183016
CARYA,Carya,hickory,22087325,37183017
CEOC,Celtis occidentalis,common hackberry,22087325,37183018
FRAM2,Fraxinus americana,white ash,22087325,37183019
FRNI,Fraxinus nigra,black ash,22087325,37183020
FRPE,Fraxinus pennsylvanica,green ash,22087325,37183021
JUNI,Juglans nigra,black walnut,22087325,37183022
PIAB,Picea abies,Norway spruce,22087325,37183023
PIBA2,Pinus banksiana,jack pine,22087325,37183024
PIGL,Picea glauca,white spruce,22087325,37183025
PIPU,Picea pungens,blue spruce,22087325,37183026
PIRE,Pinus resinosa,red pine,22087325,37183027
PIST,Pinus strobus,eastern white pine,22087325,37183028
POPUL,Populus,cottonwood,22087325,37183029
PRSE2,Prunus serotina,black cherry,22087325,37183030
QUAL,Quercus alba,white oak,22087325,37183031
QUBI,Quercus bicolor,swamp white oak,22087325,37183032
QUMA2,Quercus macrocarpa,bur oak,22087325,37183033
QUMU,Quercus muehlenbergii,chinkapin oak,22087325,37183034
QURU,Quercus rubra,northern red oak,22087325,37183035
QUVE,Quercus velutina,black oak,22087325,37183036
THOC2,Thuja occidentalis,arborvitae,22087325,37183037
ABCO,Abies concolor,white fir,22087329,37183110
ACSA2,Acer saccharinum,silver maple,22087329,37183111
ACSA3,Acer saccharum,sugar maple,22087329,37183112
CARYA,Carya,hickory,22087329,37183113
CEOC,Celtis occidentalis,common hackberry,22087329,37183114
FRAM2,Fraxinus americana,white ash,22087329,37183115
FRNI,Fraxinus nigra,black ash,22087329,37183116
FRPE,Fraxinus pennsylvanica,green ash,22087329,37183117
JUNI,Juglans nigra,black walnut,22087329,37183118
PIAB,Picea abies,Norway spruce,22087329,37183119
PIBA2,Pinus banksiana,jack pine,22087329,37183120
PIGL,Picea glauca,white spruce,22087329,37183121
PIPU,Picea pungens,blue spruce,22087329,37183122
PIRE,Pinus resinosa,red pine,22087329,37183123
PIST,Pinus strobus,eastern white pine,22087329,37183124
POPUL,Populus,cottonwood,22087329,37183125
PRSE2,Prunus serotina,black cherry,22087329,37183126
QUAL,Quercus alba,white oak,22087329,37183127
QUBI,Quercus bicolor,swamp white oak,22087329,37183128
QUMA2,Quercus macrocarpa,bur oak,22087329,37183129
QUMU,Quercus muehlenbergii,chinkapin oak,22087329,37183130
QURU,Quercus rubra,northern red oak,22087329,37183131
QUVE,Quercus velutina,black oak,22087329,37183132
THOC2,Thuja occidentalis,arborvitae,22087329,37183133
ABCO,Abies concolor,white fir,22087330,37183134
ACSA2,Acer saccharinum,silver maple,22087330,37183135
ACSA3,Acer saccharum,sugar maple,22087330,37183136
CARYA,Carya,hickory,22087330,37183137
CEOC,Celtis occidentalis,common hackberry,22087330,37183138
FRAM2,Fraxinus americana,white ash,22087330,37183139
FRNI,Fraxinus nigra,black ash,22087330,37183140
FRPE,Fraxinus pennsylvanica,green ash,22087330,37183141
JUNI,Juglans nigra,black walnut,22087330,37183142
PIAB,Picea abies,Norway spruce,22087330,37183143
PIBA2,Pinus banksiana,jack pine,22087330,37183144
PIGL,Picea glauca,white spruce,22087330,37183145
PIPU,Picea pungens,blue spruce,22087330,37183146
PIRE,Pinus resinosa,red pine,22087330,37183147
PIST,Pinus strobus,eastern white pine,22087330,37183148
POPUL,Populus,cottonwood,22087330,37183149
PRSE2,Prunus serotina,black cherry,22087330,37183150
QUAL,Quercus alba,white oak,22087330,37183151
QUBI,Quercus bicolor,swamp white oak,22087330,37183152
QUMA2,Quercus macrocarpa,bur oak,22087330,37183153
QUMU,Quercus muehlenbergii,chinkapin oak,22087330,37183154
QURU,Quercus rubra,northern red oak,22087330,37183155
QUVE,Quercus velutina,black oak,22087330,37183156
THOC2,Thuja occidentalis,arborvitae,22087330,37183157
ABCO,Abies concolor,white fir,22087331,37183158
ACSA2,Acer saccharinum,silver maple,22087331,37183159
ACSA3,Acer saccharum,sugar maple,22087331,37183160
CARYA,Carya,hickory,22087331,37183161
CEOC,Celtis occidentalis,common hackberry,22087331,37183162
FRAM2,Fraxinus americana,white ash,22087331,37183163
FRNI,Fraxinus nigra,black ash,22087331,37183164
FRPE,Fraxinus pennsylvanica,green ash,22087331,37183165
JUNI,Juglans nigra,black walnut,22087331,37183166
PIAB,Picea abies,Norway spruce,22087331,37183167
PIBA2,Pinus banksiana,jack pine,22087331,37183168
PIGL,Picea glauca,white spruce,22087331,37183169
PIPU,Picea pungens,blue spruce,22087331,37183170
PIRE,Pinus resinosa,red pine,22087331,37183171
PIST,Pinus strobus,eastern white pine,22087331,37183172
POPUL,Populus,cottonwood,22087331,37183173
PRSE2,Prunus serotina,black cherry,22087331,37183174
QUAL,Quercus alba,white oak,22087331,37183175
QUBI,Quercus bicolor,swamp white oak,22087331,37183176
QUMA2,Quercus macrocarpa,bur oak,22087331,37183177
QUMU,Quercus muehlenbergii,chinkapin oak,22087331,37183178
QURU,Quercus rubra,northern red oak,22087331,37183179
QUVE,Quercus velutina,black oak,22087331,37183180
THOC2,Thuja occidentalis,arborvitae,22087331,37183181
ACSA2,Acer saccharinum,silver maple,22087256,37183258
BENI,Betula nigra,river birch,22087256,37183259
CARYA,Carya,hickory,22087256,37183260
CEOC,Celtis occidentalis,common hackberry,22087256,37183261
FRPE,Fraxinus pennsylvanica,green ash,22087256,37183262
PLOC,Platanus occidentalis,American sycamore,22087256,37183263
POPUL,Populus,cottonwood,22087256,37183264
QUBI,Quercus bicolor,swamp white oak,22087256,37183265
QUMA2,Quercus macrocarpa,bur oak,22087256,37183266
QUPA2,Quercus palustris,pin oak,22087256,37183267
SALIX,Salix,willow,22087256,37183268
ACSA2,Acer saccharinum,silver maple,22087257,37183269
BENI,Betula nigra,river birch,22087257,37183270
CARYA,Carya,hickory,22087257,37183271
CEOC,Celtis occidentalis,common hackberry,22087257,37183272
FRPE,Fraxinus pennsylvanica,green ash,22087257,37183273
PLOC,Platanus occidentalis,American sycamore,22087257,37183274
POPUL,Populus,cottonwood,22087257,37183275
QUBI,Quercus bicolor,swamp white oak,22087257,37183276
QUMA2,Quercus macrocarpa,bur oak,22087257,37183277
QUPA2,Quercus palustris,pin oak,22087257,37183278
SALIX,Salix,willow,22087257,37183279
ACSA2,Acer saccharinum,silver maple,22087345,37183793
ACSA3,Acer saccharum,sugar maple,22087345,37183794
BENI,Betula nigra,river birch,22087345,37183795
CARYA,Carya,hickory,22087345,37183796
CEOC,Celtis occidentalis,common hackberry,22087345,37183797
FRNI,Fraxinus nigra,black ash,22087345,37183798
FRPE,Fraxinus pennsylvanica,green ash,22087345,37183799
JUNI,Juglans nigra,black walnut,22087345,37183800
PLOC,Platanus occidentalis,American sycamore,22087345,37183801
POPUL,Populus,cottonwood,22087345,37183802
QUBI,Quercus bicolor,swamp white oak,22087345,37183803
QUMA2,Quercus macrocarpa,bur oak,22087345,37183804
QUPA2,Quercus palustris,pin oak,22087345,37183805
SALIX,Salix,willow,22087345,37183806
THUJA,Thuja,red cedar,22087345,37183807
ABCO,Abies concolor,white fir,22087346,37183808
ACSA2,Acer saccharinum,silver maple,22087346,37183809
ACSA3,Acer saccharum,sugar maple,22087346,37183810
CARYA,Carya,hickory,22087346,37183811
CEOC,Celtis occidentalis,common hackberry,22087346,37183812
FRAM2,Fraxinus americana,white ash,22087346,37183813
FRNI,Fraxinus nigra,black ash,22087346,37183814
FRPE,Fraxinus pennsylvanica,green ash,22087346,37183815
JUNI,Juglans nigra,black walnut,22087346,37183816
PIAB,Picea abies,Norway spruce,22087346,37183817
PIBA2,Pinus banksiana,jack pine,22087346,37183818
PIGL,Picea glauca,white spruce,22087346,37183819
PIPU,Picea pungens,blue spruce,22087346,37183820
PIRE,Pinus resinosa,red pine,22087346,37183821
PIST,Pinus strobus,eastern white pine,22087346,37183822
POPUL,Populus,cottonwood,22087346,37183823
PRSE2,Prunus serotina,black cherry,22087346,37183824
QUAL,Quercus alba,white oak,22087346,37183825
QUBI,Quercus bicolor,swamp white oak,22087346,37183826
QUMA2,Quercus macrocarpa,bur oak,22087346,37183827
QUMU,Quercus muehlenbergii,chinkapin oak,22087346,37183828
QURU,Quercus rubra,northern red oak,22087346,37183829
QUVE,Quercus velutina,black oak,22087346,37183830
THOC2,Thuja occidentalis,arborvitae,22087346,37183831
THUJA,Thuja,red cedar,22087271,37183873
ACSA2,Acer saccharinum,silver maple,22087271,37183874
ACSA3,Acer saccharum,sugar maple,22087271,37183875
BENI,Betula nigra,river birch,22087271,37183876
CARYA,Carya,hickory,22087271,37183877
CEOC,Celtis occidentalis,common hackberry,22087271,37183878
FRNI,Fraxinus nigra,black ash,22087271,37183879
FRPE,Fraxinus pennsylvanica,green ash,22087271,37183880
JUNI,Juglans nigra,black walnut,22087271,37183881
PLOC,Platanus occidentalis,American sycamore,22087271,37183882
POPUL,Populus,cottonwood,22087271,37183883
QUBI,Quercus bicolor,swamp white oak,22087271,37183884
QUMA2,Quercus macrocarpa,bur oak,22087271,37183885
QUPA2,Quercus palustris,pin oak,22087271,37183886
SALIX,Salix,willow,22087271,37183887
ACSA2,Acer saccharinum,silver maple,22087272,37183888
BENI,Betula nigra,river birch,22087272,37183889
CARYA,Carya,hickory,22087272,37183890
CEOC,Celtis occidentalis,common hackberry,22087272,37183891
FRPE,Fraxinus pennsylvanica,green ash,22087272,37183892
PLOC,Platanus occidentalis,American sycamore,22087272,37183893
POPUL,Populus,cottonwood,22087272,37183894
QUBI,Quercus bicolor,swamp white oak,22087272,37183895
QUMA2,Quercus macrocarpa,bur oak,22087272,37183896
QUPA2,Quercus palustris,pin oak,22087272,37183897
SALIX,Salix,willow,22087272,37183898
QUMU,Quercus muehlenbergii,chinkapin oak,22087231,37184040
QURU,Quercus rubra,northern red oak,22087231,37184041
QUVE,Quercus velutina,black oak,22087231,37184042
THOC2,Thuja occidentalis,arborvitae,22087231,37184043
ABCO,Abies concolor,white fir,22087231,37184044
ACSA2,Acer saccharinum,silver maple,22087231,37184045
ACSA3,Acer saccharum,sugar maple,22087231,37184046
CARYA,Carya,hickory,22087231,37184047
CEOC,Celtis occidentalis,common hackberry,22087231,37184048
FRAM2,Fraxinus americana,white ash,22087231,37184049
FRNI,Fraxinus nigra,black ash,22087231,37184050
FRPE,Fraxinus pennsylvanica,green ash,22087231,37184051
JUNI,Juglans nigra,black walnut,22087231,37184052
PIAB,Picea abies,Norway spruce,22087231,37184053
PIBA2,Pinus banksiana,jack pine,22087231,37184054
PIGL,Picea glauca,white spruce,22087231,37184055
PIPU,Picea pungens,blue spruce,22087231,37184056
PIRE,Pinus resinosa,red pine,22087231,37184057
PIST,Pinus strobus,eastern white pine,22087231,37184058
POPUL,Populus,cottonwood,22087231,37184059
PRSE2,Prunus serotina,black cherry,22087231,37184060
QUAL,Quercus alba,white oak,22087231,37184061
QUBI,Quercus bicolor,swamp white oak,22087231,37184062
QUMA2,Quercus macrocarpa,bur oak,22087231,37184063
ACSA2,Acer saccharinum,silver maple,22087232,37184064
BENI,Betula nigra,river birch,22087232,37184065
CARYA,Carya,hickory,22087232,37184066
CEOC,Celtis occidentalis,common hackberry,22087232,37184067
FRPE,Fraxinus pennsylvanica,green ash,22087232,37184068
PLOC,Platanus occidentalis,American sycamore,22087232,37184069
POPUL,Populus,cottonwood,22087232,37184070
QUBI,Quercus bicolor,swamp white oak,22087232,37184071
QUMA2,Quercus macrocarpa,bur oak,22087232,37184072
QUPA2,Quercus palustris,pin oak,22087232,37184073
SALIX,Salix,willow,22087232,37184074
ACSA2,Acer saccharinum,silver maple,22087233,37184075
ACSA3,Acer saccharum,sugar maple,22087233,37184076
BENI,Betula nigra,river birch,22087233,37184077
CARYA,Carya,hickory,22087233,37184078
CEOC,Celtis occidentalis,common hackberry,22087233,37184079
FRNI,Fraxinus nigra,black ash,22087233,37184080
FRPE,Fraxinus pennsylvanica,green ash,22087233,37184081
JUNI,Juglans nigra,black walnut,22087233,37184082
PLOC,Platanus occidentalis,American sycamore,22087233,37184083
POPUL,Populus,cottonwood,22087233,37184084
QUBI,Quercus bicolor,swamp white oak,22087233,37184085
QUMA2,Quercus macrocarpa,bur oak,22087233,37184086
QUPA2,Quercus palustris,pin oak,22087233,37184087
SALIX,Salix,willow,22087233,37184088
THUJA,Thuja,red cedar,22087233,37184089
ABCO,Abies concolor,white fir,22087234,37183899
ACSA2,Acer saccharinum,silver maple,22087234,37183900
ACSA3,Acer saccharum,sugar maple,22087234,37183901
CARYA,Carya,hickory,22087234,37183902
CEOC,Celtis occidentalis,common hackberry,22087234,37183903
FRAM2,Fraxinus americana,white ash,22087234,37183904
FRNI,Fraxinus nigra,black ash,22087234,37183905
FRPE,Fraxinus pennsylvanica,green ash,22087234,37183906
JUNI,Juglans nigra,black walnut,22087234,37183907
PIAB,Picea abies,Norway spruce,22087234,37183908
PIBA2,Pinus banksiana,jack pine,22087234,37183909
PIGL,Picea glauca,white spruce,22087234,37183910
PIPU,Picea pungens,blue spruce,22087234,37183911
PIRE,Pinus resinosa,red pine,22087234,37183912
PIST,Pinus strobus,eastern white pine,22087234,37183913
POPUL,Populus,cottonwood,22087234,37183914
PRSE2,Prunus serotina,black cherry,22087234,37183915
QUAL,Quercus alba,white oak,22087234,37183916
QUBI,Quercus bicolor,swamp white oak,22087234,37183917
QUMA2,Quercus macrocarpa,bur oak,22087234,37183918
QUMU,Quercus muehlenbergii,chinkapin oak,22087234,37183919
QURU,Quercus rubra,northern red oak,22087234,37183920
QUVE,Quercus velutina,black oak,22087234,37183921
THOC2,Thuja occidentalis,arborvitae,22087234,37183922
ABCO,Abies concolor,white fir,22087273,37183923
ACSA2,Acer saccharinum,silver maple,22087273,37183924
ACSA3,Acer saccharum,sugar maple,22087273,37183925
CARYA,Carya,hickory,22087273,37183926
CEOC,Celtis occidentalis,common hackberry,22087273,37183927
FRAM2,Fraxinus americana,white ash,22087273,37183928
FRNI,Fraxinus nigra,black ash,22087273,37183929
FRPE,Fraxinus pennsylvanica,green ash,22087273,37183930
JUNI,Juglans nigra,black walnut,22087273,37183931
PIAB,Picea abies,Norway spruce,22087273,37183932
PIBA2,Pinus banksiana,jack pine,22087273,37183933
PIGL,Picea glauca,white spruce,22087273,37183934
PIPU,Picea pungens,blue spruce,22087273,37183935
PIRE,Pinus resinosa,red pine,22087273,37183936
PIST,Pinus strobus,eastern white pine,22087273,37183937
POPUL,Populus,cottonwood,22087273,37183938
PRSE2,Prunus serotina,black cherry,22087273,37183939
QUAL,Quercus alba,white oak,22087273,37183940
QUBI,Quercus bicolor,swamp white oak,22087273,37183941
QUMA2,Quercus macrocarpa,bur oak,22087273,37183942
QUMU,Quercus muehlenbergii,chinkapin oak,22087273,37183943
QURU,Quercus rubra,northern red oak,22087273,37183944
QUVE,Quercus velutina,black oak,22087273,37183945
THOC2,Thuja occidentalis,arborvitae,22087273,37183946
ACSA2,Acer saccharinum,silver maple,22087274,37183947
ACSA3,Acer saccharum,sugar maple,22087274,37183948
BENI,Betula nigra,river birch,22087274,37183949
CARYA,Carya,hickory,22087274,37183950
CEOC,Celtis occidentalis,common hackberry,22087274,37183951
FRNI,Fraxinus nigra,black ash,22087274,37183952
FRPE,Fraxinus pennsylvanica,green ash,22087274,37183953
JUNI,Juglans nigra,black walnut,22087274,37183954
PLOC,Platanus occidentalis,American sycamore,22087274,37183955
POPUL,Populus,cottonwood,22087274,37183956
QUBI,Quercus bicolor,swamp white oak,22087274,37183957
QUMA2,Quercus macrocarpa,bur oak,22087274,37183958
QUPA2,Quercus palustris,pin oak,22087274,37183959
SALIX,Salix,willow,22087274,37183960
THUJA,Thuja,red cedar,22087274,37183961
ABCO,Abies concolor,white fir,22087275,37183962
ACSA2,Acer saccharinum,silver maple,22087275,37183963
ACSA3,Acer saccharum,sugar maple,22087275,37183964
CARYA,Carya,hickory,22087275,37183965
CEOC,Celtis occidentalis,common hackberry,22087275,37183966
FRAM2,Fraxinus americana,white ash,22087275,37183967
FRNI,Fraxinus nigra,black ash,22087275,37183968
FRPE,Fraxinus pennsylvanica,green ash,22087275,37183969
JUNI,Juglans nigra,black walnut,22087275,37183970
PIAB,Picea abies,Norway spruce,22087275,37183971
PIBA2,Pinus banksiana,jack pine,22087275,37183972
PIGL,Picea glauca,white spruce,22087275,37183973
PIPU,Picea pungens,blue spruce,22087275,37183974
PIRE,Pinus resinosa,red pine,22087275,37183975
PIST,Pinus strobus,eastern white pine,22087275,37183976
POPUL,Populus,cottonwood,22087275,37183977
PRSE2,Prunus serotina,black cherry,22087275,37183978
QUAL,Quercus alba,white oak,22087275,37183979
QUBI,Quercus bicolor,swamp white oak,22087275,37183980
QUMA2,Quercus macrocarpa,bur oak,22087275,37183981
QUMU,Quercus muehlenbergii,chinkapin oak,22087275,37183982
QURU,Quercus rubra,northern red oak,22087275,37183983
QUVE,Quercus velutina,black oak,22087275,37183984
THOC2,Thuja occidentalis,arborvitae,22087275,37183985
ABCO,Abies concolor,white fir,22087353,37183986
ACSA2,Acer saccharinum,silver maple,22087353,37183987
ACSA3,Acer saccharum,sugar maple,22087353,37183988
CARYA,Carya,hickory,22087353,37183989
CEOC,Celtis occidentalis,common hackberry,22087353,37183990
FRAM2,Fraxinus americana,white ash,22087353,37183991
FRNI,Fraxinus nigra,black ash,22087353,37183992
FRPE,Fraxinus pennsylvanica,green ash,22087353,37183993
JUNI,Juglans nigra,black walnut,22087353,37183994
PIAB,Picea abies,Norway spruce,22087353,37183995
PIBA2,Pinus banksiana,jack pine,22087353,37183996
PIGL,Picea glauca,white spruce,22087353,37183997
PIPU,Picea pungens,blue spruce,22087353,37183998
PIRE,Pinus resinosa,red pine,22087353,37183999
PIST,Pinus strobus,eastern white pine,22087353,37184000
POPUL,Populus,cottonwood,22087353,37184001
PRSE2,Prunus serotina,black cherry,22087353,37184002
QUAL,Quercus alba,white oak,22087353,37184003
QUBI,Quercus bicolor,swamp white oak,22087353,37184004
QUMA2,Quercus macrocarpa,bur oak,22087353,37184005
QUMU,Quercus muehlenbergii,chinkapin oak,22087353,37184006
QURU,Quercus rubra,northern red oak,22087353,37184007
QUVE,Quercus velutina,black oak,22087353,37184008
THOC2,Thuja occidentalis,arborvitae,22087353,37184009
ACSA2,Acer saccharinum,silver maple,22087354,37184010
ACSA3,Acer saccharum,sugar maple,22087354,37184011
BENI,Betula nigra,river birch,22087354,37184012
CARYA,Carya,hickory,22087354,37184013
CEOC,Celtis occidentalis,common hackberry,22087354,37184014
FRNI,Fraxinus nigra,black ash,22087354,37184015
FRPE,Fraxinus pennsylvanica,green ash,22087354,37184016
JUNI,Juglans nigra,black walnut,22087354,37184017
PLOC,Platanus occidentalis,American sycamore,22087354,37184018
POPUL,Populus,cottonwood,22087354,37184019
QUBI,Quercus bicolor,swamp white oak,22087354,37184020
QUMA2,Quercus macrocarpa,bur oak,22087354,37184021
QUPA2,Quercus palustris,pin oak,22087354,37184022
SALIX,Salix,willow,22087354,37184023
THUJA,Thuja,red cedar,22087354,37184024
ACSA2,Acer saccharinum,silver maple,22087355,37184025
ACSA3,Acer saccharum,sugar maple,22087355,37184026
BENI,Betula nigra,river birch,22087355,37184027
CARYA,Carya,hickory,22087355,37184028
CEOC,Celtis occidentalis,common hackberry,22087355,37184029
FRNI,Fraxinus nigra,black ash,22087355,37184030
FRPE,Fraxinus pennsylvanica,green ash,22087355,37184031
JUNI,Juglans nigra,black walnut,22087355,37184032
PLOC,Platanus occidentalis,American sycamore,22087355,37184033
POPUL,Populus,cottonwood,22087355,37184034
QUBI,Quercus bicolor,swamp white oak,22087355,37184035
QUMA2,Quercus macrocarpa,bur oak,22087355,37184036
QUPA2,Quercus palustris,pin oak,22087355,37184037
SALIX,Salix,willow,22087355,37184038
THUJA,Thuja,red cedar,22087355,37184039
ABCO,Abies concolor,white fir,22087357,37184693
ACSA2,Acer saccharinum,silver maple,22087357,37184694
ACSA3,Acer saccharum,sugar maple,22087357,37184695
CARYA,Carya,hickory,22087357,37184696
CEOC,Celtis occidentalis,common hackberry,22087357,37184697
FRAM2,Fraxinus americana,white ash,22087357,37184698
FRNI,Fraxinus nigra,black ash,22087357,37184699
FRPE,Fraxinus pennsylvanica,green ash,22087357,37184700
JUNI,Juglans nigra,black walnut,22087357,37184701
PIAB,Picea abies,Norway spruce,22087357,37184702
PIBA2,Pinus banksiana,jack pine,22087357,37184703
PIGL,Picea glauca,white spruce,22087357,37184704
PIPU,Picea pungens,blue spruce,22087357,37184705
PIRE,Pinus resinosa,red pine,22087357,37184706
PIST,Pinus strobus,eastern white pine,22087357,37184707
POPUL,Populus,cottonwood,22087357,37184708
PRSE2,Prunus serotina,black cherry,22087357,37184709
QUAL,Quercus alba,white oak,22087357,37184710
QUBI,Quercus bicolor,swamp white oak,22087357,37184711
QUMA2,Quercus macrocarpa,bur oak,22087357,37184712
QUMU,Quercus muehlenbergii,chinkapin oak,22087357,37184713
QURU,Quercus rubra,northern red oak,22087357,37184714
QUVE,Quercus velutina,black oak,22087357,37184715
THOC2,Thuja occidentalis,arborvitae,22087357,37184716
ACSA2,Acer saccharinum,silver maple,22087358,37184717
ACSA3,Acer saccharum,sugar maple,22087358,37184718
BENI,Betula nigra,river birch,22087358,37184719
CARYA,Carya,hickory,22087358,37184720
CEOC,Celtis occidentalis,common hackberry,22087358,37184721
FRNI,Fraxinus nigra,black ash,22087358,37184722
FRPE,Fraxinus pennsylvanica,green ash,22087358,37184723
JUNI,Juglans nigra,black walnut,22087358,37184724
PLOC,Platanus occidentalis,American sycamore,22087358,37184725
POPUL,Populus,cottonwood,22087358,37184726
QUBI,Quercus bicolor,swamp white oak,22087358,37184727
QUMA2,Quercus macrocarpa,bur oak,22087358,37184728
QUPA2,Quercus palustris,pin oak,22087358,37184729
SALIX,Salix,willow,22087358,37184730
THUJA,Thuja,red cedar,22087358,37184731
ACSA2,Acer saccharinum,silver maple,22087359,37184732
ACSA3,Acer saccharum,sugar maple,22087359,37184733
BENI,Betula nigra,river birch,22087359,37184734
CARYA,Carya,hickory,22087359,37184735
CEOC,Celtis occidentalis,common hackberry,22087359,37184736
FRNI,Fraxinus nigra,black ash,22087359,37184737
FRPE,Fraxinus pennsylvanica,green ash,22087359,37184738
JUNI,Juglans nigra,black walnut,22087359,37184739
PLOC,Platanus occidentalis,American sycamore,22087359,37184740
POPUL,Populus,cottonwood,22087359,37184741
QUBI,Quercus bicolor,swamp white oak,22087359,37184742
QUMA2,Quercus macrocarpa,bur oak,22087359,37184743
QUPA2,Quercus palustris,pin oak,22087359,37184744
SALIX,Salix,willow,22087359,37184745
THUJA,Thuja,red cedar,22087359,37184746
